slice,ticker,date,time,model,status,status_detail,grid_k_lo,grid_k_hi,grid_k_points,grid_t_lo,grid_t_hi,grid_t_points,n_grid_points,butterfly_violations,butterfly_violation_rate,min_g,calendar_pairs,calendar_crossings,calendar_crossing_rate,max_calendar_crossing,fit_max_calendar_crossing,self_validates,grid_inside_quoted_fraction,butterfly_violations_inside,min_g_inside,calendar_crossings_inside,max_calendar_crossing_inside
daily,JPM,2026-08-14,1530,svi,ok,,-0.4000000000,0.4000000000,81,0.0191780822,1.4383561644,41,3321,37,0.0111412225,-2862.2868477563,3240,57,0.0175925926,23.7655564454,0.0000796872,true,0.6859379705,0,0.3885978891,0,0.0000000000
daily,JPM,2026-08-14,1530,ssvi,ok,,-0.4000000000,0.4000000000,81,0.0191780822,1.4383561644,41,3321,0,0.0000000000,0.3111881262,3240,0,0.0000000000,0.0000000000,0.0000000000,true,0.6859379705,0,0.5165283894,0,0.0000000000
daily,JPM,2026-08-14,1530,essvi,ok,,-0.4000000000,0.4000000000,81,0.0191780822,1.4383561644,41,3321,0,0.0000000000,0.3011622738,3240,44,0.0135802469,0.0021539416,0.0000000000,true,0.6859379705,0,0.5122366021,0,0.0000000000
daily,JPM,2026-08-14,1530,essvi_g05,ok,,-0.4000000000,0.4000000000,81,0.0191780822,1.4383561644,41,3321,0,0.0000000000,0.2926553087,3240,0,0.0000000000,0.0000000000,0.0000000000,true,0.6859379705,0,0.5151325335,0,0.0000000000
daily,JPM,2026-08-14,1530,essvi_gfree,ok,,-0.4000000000,0.4000000000,81,0.0191780822,1.4383561644,41,3321,0,0.0000000000,0.3104338329,3240,0,0.0000000000,0.0000000000,0.0000000000,true,0.6859379705,0,0.5094923445,0,0.0000000000
daily,JPM,2026-08-14,1530,essvi_sg05,ok,,-0.4000000000,0.4000000000,81,0.0191780822,1.4383561644,41,3321,0,0.0000000000,0.2924599919,3240,0,0.0000000000,0.0000000000,0.0000000000,true,0.6859379705,0,0.5095499276,0,0.0000000000
daily,JPM,2026-08-17,1530,svi,ok,,-0.4000000000,0.4000000000,81,0.0109589041,1.4301369863,41,3321,13,0.0039144836,-543.4083849848,3240,56,0.0172839506,4.9246948472,0.0000235413,true,0.7419451972,0,0.4597076109,0,0.0000000000
daily,JPM,2026-08-17,1530,ssvi,ok,,-0.4000000000,0.4000000000,81,0.0109589041,1.4301369863,41,3321,0,0.0000000000,0.3096739460,3240,0,0.0000000000,0.0000000000,0.0000000000,true,0.7419451972,0,0.5153430674,0,0.0000000000
daily,JPM,2026-08-17,1530,essvi,ok,,-0.4000000000,0.4000000000,81,0.0109589041,1.4301369863,41,3321,0,0.0000000000,0.2935154144,3240,37,0.0114197531,0.0026989023,0.0000000531,true,0.7419451972,0,0.5021191445,0,0.0000000000
daily,JPM,2026-08-17,1530,essvi_g05,ok,,-0.4000000000,0.4000000000,81,0.0109589041,1.4301369863,41,3321,0,0.0000000000,0.2887729888,3240,0,0.0000000000,0.0000000000,0.0000000000,true,0.7419451972,0,0.5192332635,0,0.0000000000
daily,JPM,2026-08-17,1530,essvi_gfree,ok,,-0.4000000000,0.4000000000,81,0.0109589041,1.4301369863,41,3321,0,0.0000000000,0.3026193976,3240,0,0.0000000000,0.0000000000,0.0000000000,true,0.7419451972,0,0.5135973414,0,0.0000000000
daily,JPM,2026-08-17,1530,essvi_sg05,ok,,-0.4000000000,0.4000000000,81,0.0109589041,1.4301369863,41,3321,0,0.0000000000,0.2867345903,3240,0,0.0000000000,0.0000000000,0.0000000000,true,0.7419451972,0,0.4906848752,0,0.0000000000
daily,JPM,2026-08-18,1530,svi,ok,,-0.4000000000,0.4000000000,81,0.0082191781,1.4273972603,41,3321,46,0.0138512496,-864.9172090490,3240,57,0.0175925926,6.9560341780,0.0000000000,true,0.6967780789,0,0.4260917269,0,0.0000000000
daily,JPM,2026-08-18,1530,ssvi,ok,,-0.4000000000,0.4000000000,81,0.0082191781,1.4273972603,41,3321,0,0.0000000000,0.3075105462,3240,0,0.0000000000,0.0000000000,0.0000000000,true,0.6967780789,0,0.5259361531,0,0.0000000000
daily,JPM,2026-08-18,1530,essvi,ok,,-0.4000000000,0.4000000000,81,0.0082191781,1.4273972603,41,3321,0,0.0000000000,0.3066327358,3240,31,0.0095679012,0.0006520208,0.0000000000,true,0.6967780789,0,0.5233233902,0,0.0000000000
daily,JPM,2026-08-18,1530,essvi_g05,ok,,-0.4000000000,0.4000000000,81,0.0082191781,1.4273972603,41,3321,0,0.0000000000,0.2840695395,3240,0,0.0000000000,0.0000000000,0.0000000000,true,0.6967780789,0,0.5175058754,0,0.0000000000
daily,JPM,2026-08-18,1530,essvi_gfree,ok,,-0.4000000000,0.4000000000,81,0.0082191781,1.4273972603,41,3321,0,0.0000000000,0.3089905710,3240,0,0.0000000000,0.0000000000,0.0000000000,true,0.6967780789,0,0.5246168308,0,0.0000000000
daily,JPM,2026-08-18,1530,essvi_sg05,ok,,-0.4000000000,0.4000000000,81,0.0082191781,1.4273972603,41,3321,0,0.0000000000,0.2826120753,3240,0,0.0000000000,0.0000000000,0.0000000000,true,0.6967780789,0,0.5015316556,0,0.0000000000
daily,JPM,2026-08-19,1530,svi,ok,,-0.4000000000,0.4000000000,81,0.0246575342,1.4246575342,41,3321,0,0.0000000000,0.1046337098,3240,40,0.0123456790,0.0086056484,0.0000000000,true,0.6582354712,0,0.4939098891,0,0.0000000000
daily,JPM,2026-08-19,1530,ssvi,ok,,-0.4000000000,0.4000000000,81,0.0246575342,1.4246575342,41,3321,0,0.0000000000,0.3585221814,3240,0,0.0000000000,0.0000000000,0.0000000000,true,0.6582354712,0,0.5383082336,0,0.0000000000
daily,JPM,2026-08-19,1530,essvi,ok,,-0.4000000000,0.4000000000,81,0.0246575342,1.4246575342,41,3321,0,0.0000000000,0.3004809999,3240,0,0.0000000000,0.0000000000,0.0000000000,true,0.6582354712,0,0.5357546919,0,0.0000000000
daily,JPM,2026-08-19,1530,essvi_g05,ok,,-0.4000000000,0.4000000000,81,0.0246575342,1.4246575342,41,3321,0,0.0000000000,0.3081766595,3240,0,0.0000000000,0.0000000000,0.0000000000,true,0.6582354712,0,0.5213523568,0,0.0000000000
daily,JPM,2026-08-19,1530,essvi_gfree,ok,,-0.4000000000,0.4000000000,81,0.0246575342,1.4246575342,41,3321,0,0.0000000000,0.3193886425,3240,0,0.0000000000,0.0000000000,0.0000000000,true,0.6582354712,0,0.5218059341,0,0.0000000000
daily,JPM,2026-08-19,1530,essvi_sg05,ok,,-0.4000000000,0.4000000000,81,0.0246575342,1.4246575342,41,3321,0,0.0000000000,0.3005207487,3240,0,0.0000000000,0.0000000000,0.0000000000,true,0.6582354712,0,0.5001138276,0,0.0000000000
daily,JPM,2026-08-20,1530,svi,ok,,-0.4000000000,0.4000000000,81,0.0219178082,1.4219178082,41,3321,8,0.0024089130,-0.0437165056,3240,65,0.0200617284,0.0084675882,0.0000000000,true,0.7226738934,0,0.2381290728,0,0.0000000000
daily,JPM,2026-08-20,1530,ssvi,ok,,-0.4000000000,0.4000000000,81,0.0219178082,1.4219178082,41,3321,0,0.0000000000,0.3486549048,3240,0,0.0000000000,0.0000000000,0.0000000000,true,0.7226738934,0,0.5427447962,0,0.0000000000
daily,JPM,2026-08-20,1530,essvi,ok,,-0.4000000000,0.4000000000,81,0.0219178082,1.4219178082,41,3321,0,0.0000000000,0.2938066199,3240,39,0.0120370370,0.0009115666,0.0000000000,true,0.7226738934,0,0.5285550133,0,0.0000000000
daily,JPM,2026-08-20,1530,essvi_g05,ok,,-0.4000000000,0.4000000000,81,0.0219178082,1.4219178082,41,3321,0,0.0000000000,0.3027362540,3240,0,0.0000000000,0.0000000000,0.0000000000,true,0.7226738934,0,0.5200889731,0,0.0000000000
daily,JPM,2026-08-20,1530,essvi_gfree,ok,,-0.4000000000,0.4000000000,81,0.0219178082,1.4219178082,41,3321,0,0.0000000000,0.3155390686,3240,0,0.0000000000,0.0000000000,0.0000000000,true,0.7226738934,0,0.5214023016,0,0.0000000000
daily,JPM,2026-08-20,1530,essvi_sg05,ok,,-0.4000000000,0.4000000000,81,0.0219178082,1.4219178082,41,3321,0,0.0000000000,0.2986461948,3240,0,0.0000000000,0.0000000000,0.0000000000,true,0.7226738934,0,0.5054932259,0,0.0000000000
daily,JPM,2026-08-21,1530,svi,ok,,-0.4000000000,0.4000000000,81,0.0191780822,1.4191780822,41,3321,84,0.0252935863,-2162.0067728912,3240,92,0.0283950617,15.0541551997,0.0000000000,true,0.7118337850,0,0.4589758490,0,0.0000000000
daily,JPM,2026-08-21,1530,ssvi,ok,,-0.4000000000,0.4000000000,81,0.0191780822,1.4191780822,41,3321,0,0.0000000000,0.3227512206,3240,0,0.0000000000,0.0000000000,0.0000000000,true,0.7118337850,0,0.5113957641,0,0.0000000000
daily,JPM,2026-08-21,1530,essvi,ok,,-0.4000000000,0.4000000000,81,0.0191780822,1.4191780822,41,3321,0,0.0000000000,0.3013555336,3240,25,0.0077160494,0.0006110723,0.0000000000,true,0.7118337850,0,0.5054440884,0,0.0000000000
daily,JPM,2026-08-21,1530,essvi_g05,ok,,-0.4000000000,0.4000000000,81,0.0191780822,1.4191780822,41,3321,0,0.0000000000,0.2974857549,3240,0,0.0000000000,0.0000000000,0.0000000000,true,0.7118337850,0,0.4949012669,0,0.0000000000
daily,JPM,2026-08-21,1530,essvi_gfree,ok,,-0.4000000000,0.4000000000,81,0.0191780822,1.4191780822,41,3321,0,0.0000000000,0.3006997232,3240,0,0.0000000000,0.0000000000,0.0000000000,true,0.7118337850,0,0.4947433673,0,0.0000000000
daily,JPM,2026-08-21,1530,essvi_sg05,ok,,-0.4000000000,0.4000000000,81,0.0191780822,1.4191780822,41,3321,0,0.0000000000,0.2970602425,3240,0,0.0000000000,0.0000000000,0.0000000000,true,0.7118337850,0,0.4899913563,0,0.0000000000
daily,JPM,2026-08-24,1538,svi,ok,,-0.4000000000,0.4000000000,81,0.0109589041,1.4109589041,41,3321,0,0.0000000000,0.0680648683,3240,29,0.0089506173,0.0016968824,0.0000000000,true,0.7130382415,0,0.3082034647,0,0.0000000000
daily,JPM,2026-08-24,1538,ssvi,ok,,-0.4000000000,0.4000000000,81,0.0109589041,1.4109589041,41,3321,0,0.0000000000,0.3141746026,3240,0,0.0000000000,0.0000000000,0.0000000000,true,0.7130382415,0,0.4626151709,0,0.0000000000
daily,JPM,2026-08-24,1538,essvi,ok,,-0.4000000000,0.4000000000,81,0.0109589041,1.4109589041,41,3321,0,0.0000000000,0.2925534409,3240,0,0.0000000000,0.0000000000,0.0000000000,true,0.7130382415,0,0.4601918723,0,0.0000000000
daily,JPM,2026-08-24,1538,essvi_g05,ok,,-0.4000000000,0.4000000000,81,0.0109589041,1.4109589041,41,3321,0,0.0000000000,0.2886477041,3240,0,0.0000000000,0.0000000000,0.0000000000,true,0.7130382415,0,0.4546991459,0,0.0000000000
daily,JPM,2026-08-24,1538,essvi_gfree,ok,,-0.4000000000,0.4000000000,81,0.0109589041,1.4109589041,41,3321,0,0.0000000000,0.2982536215,3240,0,0.0000000000,0.0000000000,0.0000000000,true,0.7130382415,0,0.4547072279,0,0.0000000000
daily,JPM,2026-08-24,1538,essvi_sg05,ok,,-0.4000000000,0.4000000000,81,0.0109589041,1.4109589041,41,3321,0,0.0000000000,0.2847225493,3240,0,0.0000000000,0.0000000000,0.0000000000,true,0.7130382415,0,0.4377548505,0,0.0000000000
daily,JPM,2026-08-25,1530,svi,ok,,-0.4000000000,0.4000000000,81,0.0082191781,1.4082191781,41,3321,0,0.0000000000,0.1545377717,3240,13,0.0040123457,0.0009920201,0.0000000000,true,0.7199638663,0,0.4424335195,0,0.0000000000
daily,JPM,2026-08-25,1530,ssvi,ok,,-0.4000000000,0.4000000000,81,0.0082191781,1.4082191781,41,3321,0,0.0000000000,0.3218773917,3240,0,0.0000000000,0.0000000000,0.0000000000,true,0.7199638663,0,0.5436151171,0,0.0000000000
daily,JPM,2026-08-25,1530,essvi,ok,,-0.4000000000,0.4000000000,81,0.0082191781,1.4082191781,41,3321,0,0.0000000000,0.2950850643,3240,24,0.0074074074,0.0012385757,0.0000000000,true,0.7199638663,0,0.5376258217,0,0.0000000000
daily,JPM,2026-08-25,1530,essvi_g05,ok,,-0.4000000000,0.4000000000,81,0.0082191781,1.4082191781,41,3321,0,0.0000000000,0.2831344257,3240,0,0.0000000000,0.0000000000,0.0000000000,true,0.7199638663,0,0.5155740947,0,0.0000000000
daily,JPM,2026-08-25,1530,essvi_gfree,ok,,-0.4000000000,0.4000000000,81,0.0082191781,1.4082191781,41,3321,0,0.0000000000,0.3076414883,3240,0,0.0000000000,0.0000000000,0.0000000000,true,0.7199638663,0,0.5249768467,0,0.0000000000
daily,JPM,2026-08-25,1530,essvi_sg05,ok,,-0.4000000000,0.4000000000,81,0.0082191781,1.4082191781,41,3321,0,0.0000000000,0.2803662082,3240,0,0.0000000000,0.0000000000,0.0000000000,true,0.7199638663,0,0.4952381613,0,0.0000000000
daily,JPM,2026-08-26,1530,svi,ok,,-0.4000000000,0.4000000000,81,0.0054794521,1.4054794521,41,3321,44,0.0132490214,-1326.4664867791,3240,64,0.0197530864,8.3366663145,0.0000000000,true,0.6901535682,0,0.4585529587,0,0.0000000000
daily,JPM,2026-08-26,1530,ssvi,ok,,-0.4000000000,0.4000000000,81,0.0054794521,1.4054794521,41,3321,0,0.0000000000,0.3026711648,3240,0,0.0000000000,0.0000000000,0.0000000000,true,0.6901535682,0,0.5282849821,0,0.0000000000
daily,JPM,2026-08-26,1530,essvi,ok,,-0.4000000000,0.4000000000,81,0.0054794521,1.4054794521,41,3321,0,0.0000000000,0.3044697491,3240,63,0.0194444444,0.0042582819,0.0000000000,true,0.6901535682,0,0.5258708446,0,0.0000000000
daily,JPM,2026-08-26,1530,essvi_g05,ok,,-0.4000000000,0.4000000000,81,0.0054794521,1.4054794521,41,3321,0,0.0000000000,0.2799797481,3240,0,0.0000000000,0.0000000000,0.0000000000,true,0.6901535682,0,0.5302903239,0,0.0000000000
daily,JPM,2026-08-26,1530,essvi_gfree,ok,,-0.4000000000,0.4000000000,81,0.0054794521,1.4054794521,41,3321,0,0.0000000000,0.3084860042,3240,0,0.0000000000,0.0000000000,0.0000000000,true,0.6901535682,0,0.5259950756,0,0.0000000000
daily,JPM,2026-08-26,1530,essvi_sg05,ok,,-0.4000000000,0.4000000000,81,0.0054794521,1.4054794521,41,3321,0,0.0000000000,0.2775077583,3240,0,0.0000000000,0.0000000000,0.0000000000,true,0.6901535682,0,0.5144061307,0,0.0000000000
daily,JPM,2026-08-27,1530,svi,ok,,-0.4000000000,0.4000000000,81,0.0219178082,1.4027397260,41,3321,12,0.0036133695,-0.0328018015,3240,39,0.0120370370,0.0142812661,0.0000000000,true,0.7666365553,0,0.4234447892,0,0.0000000000
daily,JPM,2026-08-27,1530,ssvi,ok,,-0.4000000000,0.4000000000,81,0.0219178082,1.4027397260,41,3321,0,0.0000000000,0.3259296420,3240,0,0.0000000000,0.0000000000,0.0000000000,true,0.7666365553,0,0.5159191152,0,0.0000000000
daily,JPM,2026-08-27,1530,essvi,ok,,-0.4000000000,0.4000000000,81,0.0219178082,1.4027397260,41,3321,0,0.0000000000,0.3571059155,3240,0,0.0000000000,0.0000000000,0.0000000000,true,0.7666365553,0,0.5140522719,0,0.0000000000
daily,JPM,2026-08-27,1530,essvi_g05,ok,,-0.4000000000,0.4000000000,81,0.0219178082,1.4027397260,41,3321,0,0.0000000000,0.3002517080,3240,0,0.0000000000,0.0000000000,0.0000000000,true,0.7666365553,0,0.5001869438,0,0.0000000000
daily,JPM,2026-08-27,1530,essvi_gfree,ok,,-0.4000000000,0.4000000000,81,0.0219178082,1.4027397260,41,3321,0,0.0000000000,0.3189912175,3240,0,0.0000000000,0.0000000000,0.0000000000,true,0.7666365553,0,0.5080086373,0,0.0000000000
daily,JPM,2026-08-27,1530,essvi_sg05,ok,,-0.4000000000,0.4000000000,81,0.0219178082,1.4027397260,41,3321,0,0.0000000000,0.2985250858,3240,0,0.0000000000,0.0000000000,0.0000000000,true,0.7666365553,0,0.4947997371,0,0.0000000000
daily,JPM,2026-08-31,1530,svi,ok,,-0.4000000000,0.4000000000,81,0.0109589041,1.3917808219,41,3321,18,0.0054200542,-0.9437905904,3240,56,0.0172839506,0.0457680764,0.0000000000,true,0.6260162602,0,0.4992407592,0,0.0000000000
daily,JPM,2026-08-31,1530,ssvi,ok,,-0.4000000000,0.4000000000,81,0.0109589041,1.3917808219,41,3321,0,0.0000000000,0.3412366857,3240,0,0.0000000000,0.0000000000,0.0000000000,true,0.6260162602,0,0.5994766362,0,0.0000000000
daily,JPM,2026-08-31,1530,essvi,ok,,-0.4000000000,0.4000000000,81,0.0109589041,1.3917808219,41,3321,0,0.0000000000,0.3317384410,3240,26,0.0080246914,0.0020701848,0.0000000000,true,0.6260162602,0,0.5400941855,0,0.0000000000
daily,JPM,2026-08-31,1530,essvi_g05,ok,,-0.4000000000,0.4000000000,81,0.0109589041,1.3917808219,41,3321,0,0.0000000000,0.2879033348,3240,0,0.0000000000,0.0000000000,0.0000000000,true,0.6260162602,0,0.5357906259,0,0.0000000000
daily,JPM,2026-08-31,1530,essvi_gfree,ok,,-0.4000000000,0.4000000000,81,0.0109589041,1.3917808219,41,3321,0,0.0000000000,0.3075634950,3240,0,0.0000000000,0.0000000000,0.0000000000,true,0.6260162602,0,0.5587082502,0,0.0000000000
daily,JPM,2026-08-31,1530,essvi_sg05,ok,,-0.4000000000,0.4000000000,81,0.0109589041,1.3917808219,41,3321,0,0.0000000000,0.2883088944,3240,0,0.0000000000,0.0000000000,0.0000000000,true,0.6260162602,0,0.5430243841,0,0.0000000000
daily,JPM,2026-09-01,1530,svi,ok,,-0.4000000000,0.4000000000,81,0.0082191781,1.3890410959,41,3321,16,0.0048178260,-0.0863994188,3240,28,0.0086419753,0.0182314587,0.0000000000,true,0.7295995182,0,0.3738943083,0,0.0000000000
daily,JPM,2026-09-01,1530,ssvi,ok,,-0.4000000000,0.4000000000,81,0.0082191781,1.3890410959,41,3321,0,0.0000000000,0.2966653678,3240,0,0.0000000000,0.0000000000,0.0000000000,true,0.7295995182,0,0.4830414024,0,0.0000000000
daily,JPM,2026-09-01,1530,essvi,ok,,-0.4000000000,0.4000000000,81,0.0082191781,1.3890410959,41,3321,0,0.0000000000,0.2952554371,3240,0,0.0000000000,0.0000000000,0.0000000000,true,0.7295995182,0,0.4740925907,0,0.0000000000
daily,JPM,2026-09-01,1530,essvi_g05,ok,,-0.4000000000,0.4000000000,81,0.0082191781,1.3890410959,41,3321,0,0.0000000000,0.2833837173,3240,0,0.0000000000,0.0000000000,0.0000000000,true,0.7295995182,0,0.4673121628,0,0.0000000000
daily,JPM,2026-09-01,1530,essvi_gfree,ok,,-0.4000000000,0.4000000000,81,0.0082191781,1.3890410959,41,3321,0,0.0000000000,0.2955219742,3240,0,0.0000000000,0.0000000000,0.0000000000,true,0.7295995182,0,0.4704308982,0,0.0000000000
daily,JPM,2026-09-01,1530,essvi_sg05,ok,,-0.4000000000,0.4000000000,81,0.0082191781,1.3890410959,41,3321,0,0.0000000000,0.2846858896,3240,0,0.0000000000,0.0000000000,0.0000000000,true,0.7295995182,0,0.4695927004,0,0.0000000000
daily,JPM,2026-09-02,1530,svi,ok,,-0.4000000000,0.4000000000,81,0.0054794521,1.3863013699,41,3321,55,0.0165612767,-1255.1329099373,3240,59,0.0182098765,13.3321894813,0.0000000000,true,0.7356218007,0,0.3723167744,0,0.0000000000
daily,JPM,2026-09-02,1530,ssvi,ok,,-0.4000000000,0.4000000000,81,0.0054794521,1.3863013699,41,3321,0,0.0000000000,0.2936080231,3240,0,0.0000000000,0.0000000000,0.0000000000,true,0.7356218007,0,0.4853938690,0,0.0000000000
daily,JPM,2026-09-02,1530,essvi,ok,,-0.4000000000,0.4000000000,81,0.0054794521,1.3863013699,41,3321,0,0.0000000000,0.2858688620,3240,38,0.0117283951,0.0009211711,0.0000000000,true,0.7356218007,0,0.4750876006,0,0.0000000000
daily,JPM,2026-09-02,1530,essvi_g05,ok,,-0.4000000000,0.4000000000,81,0.0054794521,1.3863013699,41,3321,0,0.0000000000,0.2778621439,3240,0,0.0000000000,0.0000000000,0.0000000000,true,0.7356218007,0,0.4717788923,0,0.0000000000
daily,JPM,2026-09-02,1530,essvi_gfree,ok,,-0.4000000000,0.4000000000,81,0.0054794521,1.3863013699,41,3321,0,0.0000000000,0.2919342224,3240,0,0.0000000000,0.0000000000,0.0000000000,true,0.7356218007,0,0.4760336049,0,0.0000000000
daily,JPM,2026-09-02,1530,essvi_sg05,ok,,-0.4000000000,0.4000000000,81,0.0054794521,1.3863013699,41,3321,0,0.0000000000,0.2763105773,3240,0,0.0000000000,0.0000000000,0.0000000000,true,0.7356218007,0,0.4661273740,0,0.0000000000
daily,JPM,2026-09-03,1530,svi,ok,,-0.4000000000,0.4000000000,81,0.0219178082,1.3835616438,41,3321,0,0.0000000000,0.0535342601,3240,37,0.0114197531,0.2007268135,0.0000660088,true,0.7187594098,0,0.4063473258,0,0.0000000000
daily,JPM,2026-09-03,1530,ssvi,ok,,-0.4000000000,0.4000000000,81,0.0219178082,1.3835616438,41,3321,0,0.0000000000,0.3171840766,3240,0,0.0000000000,0.0000000000,0.0000000000,true,0.7187594098,0,0.4905428849,0,0.0000000000
daily,JPM,2026-09-03,1530,essvi,ok,,-0.4000000000,0.4000000000,81,0.0219178082,1.3835616438,41,3321,0,0.0000000000,0.3315436816,3240,10,0.0030864198,0.0002166310,0.0000000089,true,0.7187594098,0,0.4738357593,0,0.0000000000
daily,JPM,2026-09-03,1530,essvi_g05,ok,,-0.4000000000,0.4000000000,81,0.0219178082,1.3835616438,41,3321,0,0.0000000000,0.2987681445,3240,0,0.0000000000,0.0000000000,0.0000000000,true,0.7187594098,0,0.4898563965,0,0.0000000000
daily,JPM,2026-09-03,1530,essvi_gfree,ok,,-0.4000000000,0.4000000000,81,0.0219178082,1.3835616438,41,3321,0,0.0000000000,0.3211772551,3240,0,0.0000000000,0.0000000000,0.0000000000,true,0.7187594098,0,0.4878454552,0,0.0000000000
daily,JPM,2026-09-03,1530,essvi_sg05,ok,,-0.4000000000,0.4000000000,81,0.0219178082,1.3835616438,41,3321,0,0.0000000000,0.2957573855,3240,0,0.0000000000,0.0000000000,0.0000000000,true,0.7187594098,0,0.4777547492,0,0.0000000000
daily,JPM,2026-09-04,1530,svi,ok,,-0.4000000000,0.4000000000,81,0.0191780822,1.3808219178,41,3321,29,0.0087323095,-14.6540264804,3240,54,0.0166666667,0.5599852904,0.0000000000,true,0.7169527251,0,0.3858860314,0,0.0000000000
daily,JPM,2026-09-04,1530,ssvi,ok,,-0.4000000000,0.4000000000,81,0.0191780822,1.3808219178,41,3321,0,0.0000000000,0.3212845105,3240,0,0.0000000000,0.0000000000,0.0000000000,true,0.7169527251,0,0.5121224063,0,0.0000000000
daily,JPM,2026-09-04,1530,essvi,ok,,-0.4000000000,0.4000000000,81,0.0191780822,1.3808219178,41,3321,0,0.0000000000,0.3357129426,3240,27,0.0083333333,0.0030965375,0.0000000000,true,0.7169527251,0,0.4880861108,0,0.0000000000
daily,JPM,2026-09-04,1530,essvi_g05,ok,,-0.4000000000,0.4000000000,81,0.0191780822,1.3808219178,41,3321,0,0.0000000000,0.2974881511,3240,0,0.0000000000,0.0000000000,0.0000000000,true,0.7169527251,0,0.5049381788,0,0.0000000000
daily,JPM,2026-09-04,1530,essvi_gfree,ok,,-0.4000000000,0.4000000000,81,0.0191780822,1.3808219178,41,3321,0,0.0000000000,0.3155024858,3240,0,0.0000000000,0.0000000000,0.0000000000,true,0.7169527251,0,0.5054455920,0,0.0000000000
daily,JPM,2026-09-04,1530,essvi_sg05,ok,,-0.4000000000,0.4000000000,81,0.0191780822,1.3808219178,41,3321,0,0.0000000000,0.2967240026,3240,0,0.0000000000,0.0000000000,0.0000000000,true,0.7169527251,0,0.4940947903,0,0.0000000000
daily,JPM,2026-09-08,1530,svi,ok,,-0.4000000000,0.4000000000,81,0.0082191781,1.3698630137,41,3321,70,0.0210779886,-225.9187184539,3240,98,0.0302469136,2.3014792995,0.0001485765,true,0.7037037037,0,0.3886126744,0,0.0000000000
daily,JPM,2026-09-08,1530,ssvi,ok,,-0.4000000000,0.4000000000,81,0.0082191781,1.3698630137,41,3321,0,0.0000000000,0.2983586209,3240,0,0.0000000000,0.0000000000,0.0000000000,true,0.7037037037,0,0.4985137372,0,0.0000000000
daily,JPM,2026-09-08,1530,essvi,ok,,-0.4000000000,0.4000000000,81,0.0082191781,1.3698630137,41,3321,0,0.0000000000,0.3349784926,3240,26,0.0080246914,0.0027929030,0.0000000267,true,0.7037037037,0,0.4797427789,0,0.0000000000
daily,JPM,2026-09-08,1530,essvi_g05,ok,,-0.4000000000,0.4000000000,81,0.0082191781,1.3698630137,41,3321,0,0.0000000000,0.2907459378,3240,0,0.0000000000,0.0000000000,0.0000000000,true,0.7037037037,0,0.5033824182,0,0.0000000000
daily,JPM,2026-09-08,1530,essvi_gfree,ok,,-0.4000000000,0.4000000000,81,0.0082191781,1.3698630137,41,3321,0,0.0000000000,0.3104223439,3240,0,0.0000000000,0.0000000000,0.0000000000,true,0.7037037037,0,0.4997317960,0,0.0000000000
daily,JPM,2026-09-08,1530,essvi_sg05,ok,,-0.4000000000,0.4000000000,81,0.0082191781,1.3698630137,41,3321,0,0.0000000000,0.2897062367,3240,0,0.0000000000,0.0000000000,0.0000000000,true,0.7037037037,0,0.4775776314,0,0.0000000000
daily,JPM,2026-09-09,1530,svi,ok,,-0.4000000000,0.4000000000,81,0.0054794521,1.3671232877,41,3321,56,0.0168623908,-3720.7537239125,3240,71,0.0219135802,19.9627453026,0.0000000000,true,0.7305028606,0,0.4638380509,0,0.0000000000
daily,JPM,2026-09-09,1530,ssvi,ok,,-0.4000000000,0.4000000000,81,0.0054794521,1.3671232877,41,3321,0,0.0000000000,0.3207510469,3240,0,0.0000000000,0.0000000000,0.0000000000,true,0.7305028606,0,0.5335544152,0,0.0000000000
daily,JPM,2026-09-09,1530,essvi,ok,,-0.4000000000,0.4000000000,81,0.0054794521,1.3671232877,41,3321,0,0.0000000000,0.3568192478,3240,21,0.0064814815,0.0013698676,0.0000000000,true,0.7305028606,0,0.5173637279,0,0.0000000000
daily,JPM,2026-09-09,1530,essvi_g05,ok,,-0.4000000000,0.4000000000,81,0.0054794521,1.3671232877,41,3321,0,0.0000000000,0.2853328980,3240,0,0.0000000000,0.0000000000,0.0000000000,true,0.7305028606,0,0.5327932020,0,0.0000000000
daily,JPM,2026-09-09,1530,essvi_gfree,ok,,-0.4000000000,0.4000000000,81,0.0054794521,1.3671232877,41,3321,0,0.0000000000,0.3241560476,3240,0,0.0000000000,0.0000000000,0.0000000000,true,0.7305028606,0,0.5310946551,0,0.0000000000
daily,JPM,2026-09-09,1530,essvi_sg05,ok,,-0.4000000000,0.4000000000,81,0.0054794521,1.3671232877,41,3321,0,0.0000000000,0.2804446785,3240,0,0.0000000000,0.0000000000,0.0000000000,true,0.7305028606,0,0.5062921216,0,0.0000000000
daily,JPM,2026-09-10,1530,svi,ok,,-0.4000000000,0.4000000000,81,0.0219178082,1.3643835616,41,3321,21,0.0063233966,-0.2220423130,3240,49,0.0151234568,0.0282667308,0.0040362191,true,0.7067148449,0,0.2171441619,3,0.0022837664
daily,JPM,2026-09-10,1530,ssvi,ok,,-0.4000000000,0.4000000000,81,0.0219178082,1.3643835616,41,3321,0,0.0000000000,0.3336830851,3240,0,0.0000000000,0.0000000000,0.0000000000,true,0.7067148449,0,0.5210766672,0,0.0000000000
daily,JPM,2026-09-10,1530,essvi,ok,,-0.4000000000,0.4000000000,81,0.0219178082,1.3643835616,41,3321,0,0.0000000000,0.3465602223,3240,0,0.0000000000,0.0000000000,0.0000000000,true,0.7067148449,0,0.5168877243,0,0.0000000000
daily,JPM,2026-09-10,1530,essvi_g05,ok,,-0.4000000000,0.4000000000,81,0.0219178082,1.3643835616,41,3321,0,0.0000000000,0.3140981565,3240,0,0.0000000000,0.0000000000,0.0000000000,true,0.7067148449,0,0.5149663042,0,0.0000000000
daily,JPM,2026-09-10,1530,essvi_gfree,ok,,-0.4000000000,0.4000000000,81,0.0219178082,1.3643835616,41,3321,0,0.0000000000,0.3416768944,3240,0,0.0000000000,0.0000000000,0.0000000000,true,0.7067148449,0,0.5219976137,0,0.0000000000
daily,JPM,2026-09-10,1530,essvi_sg05,ok,,-0.4000000000,0.4000000000,81,0.0219178082,1.3643835616,41,3321,0,0.0000000000,0.3084215018,3240,0,0.0000000000,0.0000000000,0.0000000000,true,0.7067148449,0,0.4662350931,0,0.0000000000
daily,JPM,2026-09-11,1530,svi,ok,,-0.4000000000,0.4000000000,81,0.0191780822,1.3616438356,41,3321,0,0.0000000000,0.1673389710,3240,22,0.0067901235,0.0084728290,0.0001898229,true,0.7407407407,0,0.4070208833,0,0.0000000000
daily,JPM,2026-09-11,1530,ssvi,ok,,-0.4000000000,0.4000000000,81,0.0191780822,1.3616438356,41,3321,0,0.0000000000,0.3175511648,3240,0,0.0000000000,0.0000000000,0.0000000000,true,0.7407407407,0,0.4980876008,0,0.0000000000
daily,JPM,2026-09-11,1530,essvi,ok,,-0.4000000000,0.4000000000,81,0.0191780822,1.3616438356,41,3321,0,0.0000000000,0.3210876613,3240,26,0.0080246914,0.0024649135,0.0000000000,true,0.7407407407,0,0.4918490857,0,0.0000000000
daily,JPM,2026-09-11,1530,essvi_g05,ok,,-0.4000000000,0.4000000000,81,0.0191780822,1.3616438356,41,3321,0,0.0000000000,0.2995017399,3240,0,0.0000000000,0.0000000000,0.0000000000,true,0.7407407407,0,0.4856652087,0,0.0000000000
daily,JPM,2026-09-11,1530,essvi_gfree,ok,,-0.4000000000,0.4000000000,81,0.0191780822,1.3616438356,41,3321,0,0.0000000000,0.3210992180,3240,0,0.0000000000,0.0000000000,0.0000000000,true,0.7407407407,0,0.4982101336,0,0.0000000000
daily,JPM,2026-09-11,1530,essvi_sg05,ok,,-0.4000000000,0.4000000000,81,0.0191780822,1.3616438356,41,3321,0,0.0000000000,0.2956595971,3240,0,0.0000000000,0.0000000000,0.0000000000,true,0.7407407407,0,0.4510708946,0,0.0000000000
daily,XOM,2026-08-14,1530,svi,ok,,-0.4000000000,0.4000000000,81,0.0191780822,1.4383561644,41,3321,5,0.0015055706,-0.6366252231,3240,62,0.0191358025,0.0711852408,0.0039416717,true,0.7714543812,0,0.4126795287,5,0.0015662725
daily,XOM,2026-08-14,1530,ssvi,ok,,-0.4000000000,0.4000000000,81,0.0191780822,1.4383561644,41,3321,0,0.0000000000,0.3628360055,3240,0,0.0000000000,0.0000000000,0.0000000000,true,0.7714543812,0,0.6413503610,0,0.0000000000
daily,XOM,2026-08-14,1530,essvi,ok,,-0.4000000000,0.4000000000,81,0.0191780822,1.4383561644,41,3321,0,0.0000000000,0.3044223919,3240,1,0.0003086420,0.0000428144,0.0000000000,true,0.7714543812,0,0.6400105724,0,0.0000000000
daily,XOM,2026-08-14,1530,essvi_g05,ok,,-0.4000000000,0.4000000000,81,0.0191780822,1.4383561644,41,3321,0,0.0000000000,0.3242956299,3240,0,0.0000000000,0.0000000000,0.0000000000,true,0.7714543812,0,0.6414416403,0,0.0000000000
daily,XOM,2026-08-14,1530,essvi_gfree,ok,,-0.4000000000,0.4000000000,81,0.0191780822,1.4383561644,41,3321,0,0.0000000000,0.3350574939,3240,0,0.0000000000,0.0000000000,0.0000000000,true,0.7714543812,0,0.6368318610,0,0.0000000000
daily,XOM,2026-08-14,1530,essvi_sg05,ok,,-0.4000000000,0.4000000000,81,0.0191780822,1.4383561644,41,3321,0,0.0000000000,0.3215482993,3240,0,0.0000000000,0.0000000000,0.0000000000,true,0.7714543812,0,0.6404751455,0,0.0000000000
daily,XOM,2026-08-17,1530,svi,ok,,-0.4000000000,0.4000000000,81,0.0109589041,1.4301369863,41,3321,50,0.0150557061,-590.7936891144,3240,44,0.0135802469,7.6118890766,2.2331338637,true,0.7856067450,7,-590.7936891144,9,2.0347988344
daily,XOM,2026-08-17,1530,ssvi,ok,,-0.4000000000,0.4000000000,81,0.0109589041,1.4301369863,41,3321,0,0.0000000000,0.3836637859,3240,0,0.0000000000,0.0000000000,0.0000000000,true,0.7856067450,0,0.6555980275,0,0.0000000000
daily,XOM,2026-08-17,1530,essvi,ok,,-0.4000000000,0.4000000000,81,0.0109589041,1.4301369863,41,3321,0,0.0000000000,0.3588595974,3240,0,0.0000000000,0.0000000000,0.0000000000,true,0.7856067450,0,0.6505344897,0,0.0000000000
daily,XOM,2026-08-17,1530,essvi_g05,ok,,-0.4000000000,0.4000000000,81,0.0109589041,1.4301369863,41,3321,0,0.0000000000,0.3203055912,3240,0,0.0000000000,0.0000000000,0.0000000000,true,0.7856067450,0,0.6386166150,0,0.0000000000
daily,XOM,2026-08-17,1530,essvi_gfree,ok,,-0.4000000000,0.4000000000,81,0.0109589041,1.4301369863,41,3321,0,0.0000000000,0.3167622351,3240,0,0.0000000000,0.0000000000,0.0000000000,true,0.7856067450,0,0.6425296974,0,0.0000000000
daily,XOM,2026-08-17,1530,essvi_sg05,ok,,-0.4000000000,0.4000000000,81,0.0109589041,1.4301369863,41,3321,0,0.0000000000,0.3206906426,3240,0,0.0000000000,0.0000000000,0.0000000000,true,0.7856067450,0,0.6441964857,0,0.0000000000
daily,XOM,2026-08-18,1530,svi,ok,,-0.4000000000,0.4000000000,81,0.0082191781,1.4273972603,41,3321,37,0.0111412225,-2179.0427997982,3240,54,0.0166666667,21.2406977921,0.0108618605,true,0.8030713640,0,0.0564493845,1,0.0003383654
daily,XOM,2026-08-18,1530,ssvi,ok,,-0.4000000000,0.4000000000,81,0.0082191781,1.4273972603,41,3321,0,0.0000000000,0.4351619545,3240,0,0.0000000000,0.0000000000,0.0000000000,true,0.8030713640,0,0.6458483402,0,0.0000000000
daily,XOM,2026-08-18,1530,essvi,ok,,-0.4000000000,0.4000000000,81,0.0082191781,1.4273972603,41,3321,0,0.0000000000,0.3073124334,3240,18,0.0055555556,0.0032543450,0.0000000889,true,0.8030713640,0,0.6355251935,0,0.0000000000
daily,XOM,2026-08-18,1530,essvi_g05,ok,,-0.4000000000,0.4000000000,81,0.0082191781,1.4273972603,41,3321,0,0.0000000000,0.3173714517,3240,0,0.0000000000,0.0000000000,0.0000000000,true,0.8030713640,0,0.6082307407,0,0.0000000000
daily,XOM,2026-08-18,1530,essvi_gfree,ok,,-0.4000000000,0.4000000000,81,0.0082191781,1.4273972603,41,3321,0,0.0000000000,0.3317300154,3240,0,0.0000000000,0.0000000000,0.0000000000,true,0.8030713640,0,0.6172387778,0,0.0000000000
daily,XOM,2026-08-18,1530,essvi_sg05,ok,,-0.4000000000,0.4000000000,81,0.0082191781,1.4273972603,41,3321,0,0.0000000000,0.3092381339,3240,0,0.0000000000,0.0000000000,0.0000000000,true,0.8030713640,0,0.5728677113,0,0.0000000000
daily,XOM,2026-08-19,1530,svi,ok,,-0.4000000000,0.4000000000,81,0.0054794521,1.4246575342,41,3321,93,0.0280036134,-5410.0652093514,3240,77,0.0237654321,23.9354763188,4.5972289983,true,0.7714543812,14,-935.0423985805,14,4.5866685053
daily,XOM,2026-08-19,1530,ssvi,ok,,-0.4000000000,0.4000000000,81,0.0054794521,1.4246575342,41,3321,0,0.0000000000,0.3423483364,3240,0,0.0000000000,0.0000000000,0.0000000000,true,0.7714543812,0,0.5916318843,0,0.0000000000
daily,XOM,2026-08-19,1530,essvi,ok,,-0.4000000000,0.4000000000,81,0.0054794521,1.4246575342,41,3321,0,0.0000000000,0.2893035820,3240,0,0.0000000000,0.0000000000,0.0000000000,true,0.7714543812,0,0.5908216605,0,0.0000000000
daily,XOM,2026-08-19,1530,essvi_g05,ok,,-0.4000000000,0.4000000000,81,0.0054794521,1.4246575342,41,3321,0,0.0000000000,0.2930166643,3240,0,0.0000000000,0.0000000000,0.0000000000,true,0.7714543812,0,0.5875537045,0,0.0000000000
daily,XOM,2026-08-19,1530,essvi_gfree,ok,,-0.4000000000,0.4000000000,81,0.0054794521,1.4246575342,41,3321,0,0.0000000000,0.2995156460,3240,0,0.0000000000,0.0000000000,0.0000000000,true,0.7714543812,0,0.5817728967,0,0.0000000000
daily,XOM,2026-08-19,1530,essvi_sg05,ok,,-0.4000000000,0.4000000000,81,0.0054794521,1.4246575342,41,3321,0,0.0000000000,0.2891556150,3240,0,0.0000000000,0.0000000000,0.0000000000,true,0.7714543812,0,0.5694178410,0,0.0000000000
daily,XOM,2026-08-20,1530,svi,ok,,-0.4000000000,0.4000000000,81,0.0219178082,1.4219178082,41,3321,63,0.0189701897,-4615.8487121544,3240,81,0.0250000000,15.0348156506,4.0737731119,true,0.8121047877,0,0.6446728017,0,0.0000000000
daily,XOM,2026-08-20,1530,ssvi,ok,,-0.4000000000,0.4000000000,81,0.0219178082,1.4219178082,41,3321,0,0.0000000000,0.3719629000,3240,0,0.0000000000,0.0000000000,0.0000000000,true,0.8121047877,0,0.6605103312,0,0.0000000000
daily,XOM,2026-08-20,1530,essvi,ok,,-0.4000000000,0.4000000000,81,0.0219178082,1.4219178082,41,3321,0,0.0000000000,0.3296737274,3240,26,0.0080246914,0.0024964456,0.0000000365,true,0.8121047877,0,0.6392247682,1,0.0000387243
daily,XOM,2026-08-20,1530,essvi_g05,ok,,-0.4000000000,0.4000000000,81,0.0219178082,1.4219178082,41,3321,0,0.0000000000,0.3344082977,3240,0,0.0000000000,0.0000000000,0.0000000000,true,0.8121047877,0,0.6730089944,0,0.0000000000
daily,XOM,2026-08-20,1530,essvi_gfree,ok,,-0.4000000000,0.4000000000,81,0.0219178082,1.4219178082,41,3321,0,0.0000000000,0.3748738331,3240,0,0.0000000000,0.0000000000,0.0000000000,true,0.8121047877,0,0.6734168126,0,0.0000000000
daily,XOM,2026-08-20,1530,essvi_sg05,ok,,-0.4000000000,0.4000000000,81,0.0219178082,1.4219178082,41,3321,0,0.0000000000,0.3268731538,3240,0,0.0000000000,0.0000000000,0.0000000000,true,0.8121047877,0,0.6442162505,0,0.0000000000
daily,XOM,2026-08-21,1530,svi,ok,,-0.4000000000,0.4000000000,81,0.0191780822,1.4191780822,41,3321,56,0.0168623908,-1989.4325365181,3240,89,0.0274691358,12.2229259023,0.2330893006,true,0.7184582957,0,0.5799336216,0,0.0000000000
daily,XOM,2026-08-21,1530,ssvi,ok,,-0.4000000000,0.4000000000,81,0.0191780822,1.4191780822,41,3321,0,0.0000000000,0.3957735914,3240,0,0.0000000000,0.0000000000,0.0000000000,true,0.7184582957,0,0.6696171755,0,0.0000000000
daily,XOM,2026-08-21,1530,essvi,ok,,-0.4000000000,0.4000000000,81,0.0191780822,1.4191780822,41,3321,0,0.0000000000,0.3163687771,3240,0,0.0000000000,0.0000000000,0.0000000000,true,0.7184582957,0,0.5699690554,0,0.0000000000
daily,XOM,2026-08-21,1530,essvi_g05,ok,,-0.4000000000,0.4000000000,81,0.0191780822,1.4191780822,41,3321,0,0.0000000000,0.3234431350,3240,0,0.0000000000,0.0000000000,0.0000000000,true,0.7184582957,0,0.5930523032,0,0.0000000000
daily,XOM,2026-08-21,1530,essvi_gfree,ok,,-0.4000000000,0.4000000000,81,0.0191780822,1.4191780822,41,3321,0,0.0000000000,0.3324140938,3240,0,0.0000000000,0.0000000000,0.0000000000,true,0.7184582957,0,0.6195879353,0,0.0000000000
daily,XOM,2026-08-21,1530,essvi_sg05,ok,,-0.4000000000,0.4000000000,81,0.0191780822,1.4191780822,41,3321,0,0.0000000000,0.3125819175,3240,0,0.0000000000,0.0000000000,0.0000000000,true,0.7184582957,0,0.5575297644,0,0.0000000000
daily,XOM,2026-08-24,1538,svi,ok,,-0.4000000000,0.4000000000,81,0.0109589041,1.4109589041,41,3321,96,0.0289069557,-1134.7964241302,3240,69,0.0212962963,11.6166356984,5.5848644046,true,0.7551942186,1,-1133.2564848755,1,0.1354018169
daily,XOM,2026-08-24,1538,ssvi,ok,,-0.4000000000,0.4000000000,81,0.0109589041,1.4109589041,41,3321,0,0.0000000000,0.3274284919,3240,0,0.0000000000,0.0000000000,0.0000000000,true,0.7551942186,0,0.6278732620,0,0.0000000000
daily,XOM,2026-08-24,1538,essvi,ok,,-0.4000000000,0.4000000000,81,0.0109589041,1.4109589041,41,3321,0,0.0000000000,0.3214840610,3240,1,0.0003086420,0.0000041810,0.0000000079,true,0.7551942186,0,0.6529419348,1,0.0000041810
daily,XOM,2026-08-24,1538,essvi_g05,ok,,-0.4000000000,0.4000000000,81,0.0109589041,1.4109589041,41,3321,0,0.0000000000,0.3087866565,3240,0,0.0000000000,0.0000000000,0.0000000000,true,0.7551942186,0,0.6274256189,0,0.0000000000
daily,XOM,2026-08-24,1538,essvi_gfree,ok,,-0.4000000000,0.4000000000,81,0.0109589041,1.4109589041,41,3321,0,0.0000000000,0.3324999841,3240,0,0.0000000000,0.0000000000,0.0000000000,true,0.7551942186,0,0.6496071711,0,0.0000000000
daily,XOM,2026-08-24,1538,essvi_sg05,ok,,-0.4000000000,0.4000000000,81,0.0109589041,1.4109589041,41,3321,0,0.0000000000,0.3060483819,3240,0,0.0000000000,0.0000000000,0.0000000000,true,0.7551942186,0,0.6164951594,0,0.0000000000
daily,XOM,2026-08-25,1530,svi,ok,,-0.4000000000,0.4000000000,81,0.0082191781,1.4082191781,41,3321,26,0.0078289672,-867.5513264507,3240,32,0.0098765432,9.5053902061,0.3674751713,true,0.7425474255,0,0.5740845931,0,0.0000000000
daily,XOM,2026-08-25,1530,ssvi,ok,,-0.4000000000,0.4000000000,81,0.0082191781,1.4082191781,41,3321,0,0.0000000000,0.3427609355,3240,0,0.0000000000,0.0000000000,0.0000000000,true,0.7425474255,0,0.6554413996,0,0.0000000000
daily,XOM,2026-08-25,1530,essvi,ok,,-0.4000000000,0.4000000000,81,0.0082191781,1.4082191781,41,3321,0,0.0000000000,0.3180714334,3240,0,0.0000000000,0.0000000000,0.0000000277,true,0.7425474255,0,0.6755603653,0,0.0000000000
daily,XOM,2026-08-25,1530,essvi_g05,ok,,-0.4000000000,0.4000000000,81,0.0082191781,1.4082191781,41,3321,0,0.0000000000,0.3054602443,3240,0,0.0000000000,0.0000000000,0.0000000000,true,0.7425474255,0,0.6272127137,0,0.0000000000
daily,XOM,2026-08-25,1530,essvi_gfree,ok,,-0.4000000000,0.4000000000,81,0.0082191781,1.4082191781,41,3321,0,0.0000000000,0.3419749802,3240,0,0.0000000000,0.0000000000,0.0000000000,true,0.7425474255,0,0.6718384074,0,0.0000000000
daily,XOM,2026-08-25,1530,essvi_sg05,ok,,-0.4000000000,0.4000000000,81,0.0082191781,1.4082191781,41,3321,0,0.0000000000,0.2995181938,3240,0,0.0000000000,0.0000000000,0.0000000000,true,0.7425474255,0,0.6097617931,0,0.0000000000
daily,XOM,2026-08-26,1530,svi,ok,,-0.4000000000,0.4000000000,81,0.0246575342,1.4054794521,41,3321,0,0.0000000000,0.0064097953,3240,33,0.0101851852,0.0718693820,0.0063661416,true,0.6778078892,0,0.6242712155,8,0.0058525529
daily,XOM,2026-08-26,1530,ssvi,ok,,-0.4000000000,0.4000000000,81,0.0246575342,1.4054794521,41,3321,0,0.0000000000,0.4262511629,3240,0,0.0000000000,0.0000000000,0.0000000000,true,0.6778078892,0,0.6304227480,0,0.0000000000
daily,XOM,2026-08-26,1530,essvi,ok,,-0.4000000000,0.4000000000,81,0.0246575342,1.4054794521,41,3321,0,0.0000000000,0.4443914447,3240,3,0.0009259259,0.0001715993,0.0000000000,true,0.6778078892,0,0.6269295468,0,0.0000000000
daily,XOM,2026-08-26,1530,essvi_g05,ok,,-0.4000000000,0.4000000000,81,0.0246575342,1.4054794521,41,3321,0,0.0000000000,0.3255154332,3240,0,0.0000000000,0.0000000000,0.0000000000,true,0.6778078892,0,0.6104491237,0,0.0000000000
daily,XOM,2026-08-26,1530,essvi_gfree,ok,,-0.4000000000,0.4000000000,81,0.0246575342,1.4054794521,41,3321,0,0.0000000000,0.3740453148,3240,0,0.0000000000,0.0000000000,0.0000000000,true,0.6778078892,0,0.6222632527,0,0.0000000000
daily,XOM,2026-08-26,1530,essvi_sg05,ok,,-0.4000000000,0.4000000000,81,0.0246575342,1.4054794521,41,3321,0,0.0000000000,0.3179304295,3240,0,0.0000000000,0.0000000000,0.0000000000,true,0.6778078892,0,0.5457448823,0,0.0000000000
daily,XOM,2026-08-27,1530,svi,ok,,-0.4000000000,0.4000000000,81,0.0219178082,1.4027397260,41,3321,31,0.0093345378,-5107.6142415357,3240,40,0.0123456790,29.2020868429,0.0006913398,true,0.7482685938,0,0.4039289755,0,0.0000000000
daily,XOM,2026-08-27,1530,ssvi,ok,,-0.4000000000,0.4000000000,81,0.0219178082,1.4027397260,41,3321,0,0.0000000000,0.3309609558,3240,0,0.0000000000,0.0000000000,0.0000000000,true,0.7482685938,0,0.6044645940,0,0.0000000000
daily,XOM,2026-08-27,1530,essvi,ok,,-0.4000000000,0.4000000000,81,0.0219178082,1.4027397260,41,3321,0,0.0000000000,0.3688518041,3240,8,0.0024691358,0.0004773220,0.0000000000,true,0.7482685938,0,0.6361318912,0,0.0000000000
daily,XOM,2026-08-27,1530,essvi_g05,ok,,-0.4000000000,0.4000000000,81,0.0219178082,1.4027397260,41,3321,0,0.0000000000,0.3195889019,3240,0,0.0000000000,0.0000000000,0.0000000000,true,0.7482685938,0,0.6092039609,0,0.0000000000
daily,XOM,2026-08-27,1530,essvi_gfree,ok,,-0.4000000000,0.4000000000,81,0.0219178082,1.4027397260,41,3321,0,0.0000000000,0.3414019093,3240,0,0.0000000000,0.0000000000,0.0000000000,true,0.7482685938,0,0.6146727914,0,0.0000000000
daily,XOM,2026-08-27,1530,essvi_sg05,ok,,-0.4000000000,0.4000000000,81,0.0219178082,1.4027397260,41,3321,0,0.0000000000,0.3185549792,3240,0,0.0000000000,0.0000000000,0.0000000000,true,0.7482685938,0,0.6084224763,0,0.0000000000
daily,XOM,2026-08-31,1530,svi,ok,,-0.4000000000,0.4000000000,81,0.0109589041,1.3917808219,41,3321,16,0.0048178260,-852.2554793836,3240,40,0.0123456790,9.0561300289,0.0000000000,true,0.7437518820,0,0.5176402825,0,0.0000000000
daily,XOM,2026-08-31,1530,ssvi,ok,,-0.4000000000,0.4000000000,81,0.0109589041,1.3917808219,41,3321,0,0.0000000000,0.3496114247,3240,0,0.0000000000,0.0000000000,0.0000000000,true,0.7437518820,0,0.5977923042,0,0.0000000000
daily,XOM,2026-08-31,1530,essvi,ok,,-0.4000000000,0.4000000000,81,0.0109589041,1.3917808219,41,3321,0,0.0000000000,0.3084150365,3240,31,0.0095679012,0.0019944436,0.0000000000,true,0.7437518820,0,0.5425072283,0,0.0000000000
daily,XOM,2026-08-31,1530,essvi_g05,ok,,-0.4000000000,0.4000000000,81,0.0109589041,1.3917808219,41,3321,0,0.0000000000,0.3087887137,3240,0,0.0000000000,0.0000000000,0.0000000000,true,0.7437518820,0,0.5227911998,0,0.0000000000
daily,XOM,2026-08-31,1530,essvi_gfree,ok,,-0.4000000000,0.4000000000,81,0.0109589041,1.3917808219,41,3321,0,0.0000000000,0.3139463306,3240,0,0.0000000000,0.0000000000,0.0000000000,true,0.7437518820,0,0.5327784896,0,0.0000000000
daily,XOM,2026-08-31,1530,essvi_sg05,ok,,-0.4000000000,0.4000000000,81,0.0109589041,1.3917808219,41,3321,0,0.0000000000,0.3047289642,3240,0,0.0000000000,0.0000000000,0.0000000000,true,0.7437518820,0,0.5075764783,0,0.0000000000
daily,XOM,2026-09-01,1530,svi,ok,,-0.4000000000,0.4000000000,81,0.0082191781,1.3890410959,41,3321,15,0.0045167118,-299.1715077396,3240,36,0.0111111111,4.0193557233,0.0005645705,true,0.7747666366,0,0.5819116518,0,0.0000000000
daily,XOM,2026-09-01,1530,ssvi,ok,,-0.4000000000,0.4000000000,81,0.0082191781,1.3890410959,41,3321,0,0.0000000000,0.3460109919,3240,0,0.0000000000,0.0000000000,0.0000000000,true,0.7747666366,0,0.6208964959,0,0.0000000000
daily,XOM,2026-09-01,1530,essvi,ok,,-0.4000000000,0.4000000000,81,0.0082191781,1.3890410959,41,3321,0,0.0000000000,0.3037700031,3240,0,0.0000000000,0.0000000000,0.0000000270,true,0.7747666366,0,0.6366412169,0,0.0000000000
daily,XOM,2026-09-01,1530,essvi_g05,ok,,-0.4000000000,0.4000000000,81,0.0082191781,1.3890410959,41,3321,0,0.0000000000,0.3067293086,3240,0,0.0000000000,0.0000000000,0.0000000000,true,0.7747666366,0,0.6006031186,0,0.0000000000
daily,XOM,2026-09-01,1530,essvi_gfree,ok,,-0.4000000000,0.4000000000,81,0.0082191781,1.3890410959,41,3321,0,0.0000000000,0.3111418292,3240,0,0.0000000000,0.0000000000,0.0000000000,true,0.7747666366,0,0.5991972752,0,0.0000000000
daily,XOM,2026-09-01,1530,essvi_sg05,ok,,-0.4000000000,0.4000000000,81,0.0082191781,1.3890410959,41,3321,0,0.0000000000,0.3057332994,3240,0,0.0000000000,0.0000000000,0.0000000000,true,0.7747666366,0,0.6013139401,0,0.0000000000
daily,XOM,2026-09-02,1530,svi,ok,,-0.4000000000,0.4000000000,81,0.0054794521,1.3863013699,41,3321,16,0.0048178260,-1044.6759384831,3240,39,0.0120370370,9.7418314447,0.0000000000,true,0.7828967179,0,0.5800451347,0,0.0000000000
daily,XOM,2026-09-02,1530,ssvi,ok,,-0.4000000000,0.4000000000,81,0.0054794521,1.3863013699,41,3321,0,0.0000000000,0.3459807034,3240,0,0.0000000000,0.0000000000,0.0000000000,true,0.7828967179,0,0.6652672952,0,0.0000000000
daily,XOM,2026-09-02,1530,essvi,ok,,-0.4000000000,0.4000000000,81,0.0054794521,1.3863013699,41,3321,0,0.0000000000,0.2903941657,3240,20,0.0061728395,0.0034060205,0.0000000000,true,0.7828967179,0,0.6523631192,0,0.0000000000
daily,XOM,2026-09-02,1530,essvi_g05,ok,,-0.4000000000,0.4000000000,81,0.0054794521,1.3863013699,41,3321,0,0.0000000000,0.2903842579,3240,0,0.0000000000,0.0000000000,0.0000000000,true,0.7828967179,0,0.6109918989,0,0.0000000000
daily,XOM,2026-09-02,1530,essvi_gfree,ok,,-0.4000000000,0.4000000000,81,0.0054794521,1.3863013699,41,3321,0,0.0000000000,0.2995950218,3240,0,0.0000000000,0.0000000000,0.0000000000,true,0.7828967179,0,0.6332753216,0,0.0000000000
daily,XOM,2026-09-02,1530,essvi_sg05,ok,,-0.4000000000,0.4000000000,81,0.0054794521,1.3863013699,41,3321,0,0.0000000000,0.2883007234,3240,0,0.0000000000,0.0000000000,0.0000000000,true,0.7828967179,0,0.6053461657,0,0.0000000000
daily,XOM,2026-09-03,1530,svi,ok,,-0.4000000000,0.4000000000,81,0.0219178082,1.3835616438,41,3321,58,0.0174646191,-2773.5174638025,3240,73,0.0225308642,14.2188840791,0.0002094501,true,0.7380307136,0,0.5613923969,0,0.0000000000
daily,XOM,2026-09-03,1530,ssvi,ok,,-0.4000000000,0.4000000000,81,0.0219178082,1.3835616438,41,3321,0,0.0000000000,0.3702744352,3240,0,0.0000000000,0.0000000000,0.0000000000,true,0.7380307136,0,0.6189644516,0,0.0000000000
daily,XOM,2026-09-03,1530,essvi,ok,,-0.4000000000,0.4000000000,81,0.0219178082,1.3835616438,41,3321,0,0.0000000000,0.3425835418,3240,0,0.0000000000,0.0000000000,0.0000000000,true,0.7380307136,0,0.6310386697,0,0.0000000000
daily,XOM,2026-09-03,1530,essvi_g05,ok,,-0.4000000000,0.4000000000,81,0.0219178082,1.3835616438,41,3321,0,0.0000000000,0.3207915177,3240,0,0.0000000000,0.0000000000,0.0000000000,true,0.7380307136,0,0.6267301429,0,0.0000000000
daily,XOM,2026-09-03,1530,essvi_gfree,ok,,-0.4000000000,0.4000000000,81,0.0219178082,1.3835616438,41,3321,0,0.0000000000,0.3623897651,3240,0,0.0000000000,0.0000000000,0.0000000000,true,0.7380307136,0,0.6155025258,0,0.0000000000
daily,XOM,2026-09-03,1530,essvi_sg05,ok,,-0.4000000000,0.4000000000,81,0.0219178082,1.3835616438,41,3321,0,0.0000000000,0.3120684879,3240,0,0.0000000000,0.0000000000,0.0000000000,true,0.7380307136,0,0.6001734345,0,0.0000000000
daily,XOM,2026-09-04,1530,svi,ok,,-0.4000000000,0.4000000000,81,0.0191780822,1.3808219178,41,3321,35,0.0105389943,-491.5476396809,3240,59,0.0182098765,6.5848331858,0.7252583596,true,0.7774766637,0,0.6901895538,0,0.0000000000
daily,XOM,2026-09-04,1530,ssvi,ok,,-0.4000000000,0.4000000000,81,0.0191780822,1.3808219178,41,3321,0,0.0000000000,0.4281537477,3240,0,0.0000000000,0.0000000000,0.0000000000,true,0.7774766637,0,0.6995050450,0,0.0000000000
daily,XOM,2026-09-04,1530,essvi,ok,,-0.4000000000,0.4000000000,81,0.0191780822,1.3808219178,41,3321,0,0.0000000000,0.3569254765,3240,19,0.0058641975,0.0011662108,0.0000000000,true,0.7774766637,0,0.6901551307,0,0.0000000000
daily,XOM,2026-09-04,1530,essvi_g05,ok,,-0.4000000000,0.4000000000,81,0.0191780822,1.3808219178,41,3321,0,0.0000000000,0.3172936271,3240,0,0.0000000000,0.0000000000,0.0000000000,true,0.7774766637,0,0.6472316002,0,0.0000000000
daily,XOM,2026-09-04,1530,essvi_gfree,ok,,-0.4000000000,0.4000000000,81,0.0191780822,1.3808219178,41,3321,0,0.0000000000,0.3525685129,3240,0,0.0000000000,0.0000000000,0.0000000000,true,0.7774766637,0,0.6619860498,0,0.0000000000
daily,XOM,2026-09-04,1530,essvi_sg05,ok,,-0.4000000000,0.4000000000,81,0.0191780822,1.3808219178,41,3321,0,0.0000000000,0.3156983335,3240,0,0.0000000000,0.0000000000,0.0000000000,true,0.7774766637,0,0.6419311666,0,0.0000000000
daily,XOM,2026-09-08,1530,svi,ok,,-0.4000000000,0.4000000000,81,0.0082191781,1.3698630137,41,3321,24,0.0072267389,-1641.9273390847,3240,45,0.0138888889,14.4494711548,0.0000000000,true,0.6934658235,0,0.6940448010,0,0.0000000000
daily,XOM,2026-09-08,1530,ssvi,ok,,-0.4000000000,0.4000000000,81,0.0082191781,1.3698630137,41,3321,0,0.0000000000,0.3477301178,3240,0,0.0000000000,0.0000000000,0.0000000000,true,0.6934658235,0,0.6763074896,0,0.0000000000
daily,XOM,2026-09-08,1530,essvi,ok,,-0.4000000000,0.4000000000,81,0.0082191781,1.3698630137,41,3321,0,0.0000000000,0.2917403087,3240,13,0.0040123457,0.0012153426,0.0000000000,true,0.6934658235,0,0.6726925608,0,0.0000000000
daily,XOM,2026-09-08,1530,essvi_g05,ok,,-0.4000000000,0.4000000000,81,0.0082191781,1.3698630137,41,3321,0,0.0000000000,0.3065573581,3240,0,0.0000000000,0.0000000000,0.0000000000,true,0.6934658235,0,0.6324775987,0,0.0000000000
daily,XOM,2026-09-08,1530,essvi_gfree,ok,,-0.4000000000,0.4000000000,81,0.0082191781,1.3698630137,41,3321,0,0.0000000000,0.3152311700,3240,0,0.0000000000,0.0000000000,0.0000000000,true,0.6934658235,0,0.6354861305,0,0.0000000000
daily,XOM,2026-09-08,1530,essvi_sg05,ok,,-0.4000000000,0.4000000000,81,0.0082191781,1.3698630137,41,3321,0,0.0000000000,0.3042590663,3240,0,0.0000000000,0.0000000000,0.0000000000,true,0.6934658235,0,0.6346353786,0,0.0000000000
daily,XOM,2026-09-09,1530,svi,ok,,-0.4000000000,0.4000000000,81,0.0054794521,1.3671232877,41,3321,28,0.0084311954,-2005.2247210008,3240,44,0.0135802469,17.6447482278,0.0000000000,true,0.7503763927,0,0.5697774386,0,0.0000000000
daily,XOM,2026-09-09,1530,ssvi,ok,,-0.4000000000,0.4000000000,81,0.0054794521,1.3671232877,41,3321,0,0.0000000000,0.3342958100,3240,0,0.0000000000,0.0000000000,0.0000000000,true,0.7503763927,0,0.6493214168,0,0.0000000000
daily,XOM,2026-09-09,1530,essvi,ok,,-0.4000000000,0.4000000000,81,0.0054794521,1.3671232877,41,3321,0,0.0000000000,0.2778269649,3240,11,0.0033950617,0.0009581750,0.0000000000,true,0.7503763927,0,0.6102928651,0,0.0000000000
daily,XOM,2026-09-09,1530,essvi_g05,ok,,-0.4000000000,0.4000000000,81,0.0054794521,1.3671232877,41,3321,0,0.0000000000,0.2984622677,3240,0,0.0000000000,0.0000000000,0.0000000000,true,0.7503763927,0,0.6171217575,0,0.0000000000
daily,XOM,2026-09-09,1530,essvi_gfree,ok,,-0.4000000000,0.4000000000,81,0.0054794521,1.3671232877,41,3321,0,0.0000000000,0.2942424366,3240,0,0.0000000000,0.0000000000,0.0000000000,true,0.7503763927,0,0.6183534636,0,0.0000000000
daily,XOM,2026-09-09,1530,essvi_sg05,ok,,-0.4000000000,0.4000000000,81,0.0054794521,1.3671232877,41,3321,0,0.0000000000,0.2980846031,3240,0,0.0000000000,0.0000000000,0.0000000000,true,0.7503763927,0,0.6279000496,0,0.0000000000
daily,XOM,2026-09-10,1530,svi,ok,,-0.4000000000,0.4000000000,81,0.0219178082,1.3643835616,41,3321,0,0.0000000000,0.2494682466,3240,28,0.0086419753,0.0053622119,0.0005485228,true,0.7332128877,0,0.5690326503,0,0.0000000000
daily,XOM,2026-09-10,1530,ssvi,ok,,-0.4000000000,0.4000000000,81,0.0219178082,1.3643835616,41,3321,0,0.0000000000,0.4487496680,3240,0,0.0000000000,0.0000000000,0.0000000000,true,0.7332128877,0,0.6865030564,0,0.0000000000
daily,XOM,2026-09-10,1530,essvi,ok,,-0.4000000000,0.4000000000,81,0.0219178082,1.3643835616,41,3321,0,0.0000000000,0.3265437655,3240,41,0.0126543210,0.0037467804,0.0000000000,true,0.7332128877,0,0.6158046451,0,0.0000000000
daily,XOM,2026-09-10,1530,essvi_g05,ok,,-0.4000000000,0.4000000000,81,0.0219178082,1.3643835616,41,3321,0,0.0000000000,0.3415952376,3240,0,0.0000000000,0.0000000000,0.0000000000,true,0.7332128877,0,0.6585617779,0,0.0000000000
daily,XOM,2026-09-10,1530,essvi_gfree,ok,,-0.4000000000,0.4000000000,81,0.0219178082,1.3643835616,41,3321,0,0.0000000000,0.3469182088,3240,0,0.0000000000,0.0000000000,0.0000000000,true,0.7332128877,0,0.6719622542,0,0.0000000000
daily,XOM,2026-09-10,1530,essvi_sg05,ok,,-0.4000000000,0.4000000000,81,0.0219178082,1.3643835616,41,3321,0,0.0000000000,0.3368768747,3240,0,0.0000000000,0.0000000000,0.0000000000,true,0.7332128877,0,0.6448742886,0,0.0000000000
daily,XOM,2026-09-11,1530,svi,ok,,-0.4000000000,0.4000000000,81,0.0191780822,1.3616438356,41,3321,76,0.0228846733,-1013.1482185162,3240,65,0.0200617284,9.6691313489,0.0006486243,true,0.7633242999,0,0.5929342721,0,0.0000000000
daily,XOM,2026-09-11,1530,ssvi,ok,,-0.4000000000,0.4000000000,81,0.0191780822,1.3616438356,41,3321,0,0.0000000000,0.3460727992,3240,0,0.0000000000,0.0000000000,0.0000000000,true,0.7633242999,0,0.6142890917,0,0.0000000000
daily,XOM,2026-09-11,1530,essvi,ok,,-0.4000000000,0.4000000000,81,0.0191780822,1.3616438356,41,3321,0,0.0000000000,0.3234195740,3240,0,0.0000000000,0.0000000000,0.0000000341,true,0.7633242999,0,0.6863603174,0,0.0000000000
daily,XOM,2026-09-11,1530,essvi_g05,ok,,-0.4000000000,0.4000000000,81,0.0191780822,1.3616438356,41,3321,0,0.0000000000,0.3279792339,3240,0,0.0000000000,0.0000000000,0.0000000000,true,0.7633242999,0,0.6068278165,0,0.0000000000
daily,XOM,2026-09-11,1530,essvi_gfree,ok,,-0.4000000000,0.4000000000,81,0.0191780822,1.3616438356,41,3321,0,0.0000000000,0.3481370485,3240,0,0.0000000000,0.0000000000,0.0000000000,true,0.7633242999,0,0.6295326680,0,0.0000000000
daily,XOM,2026-09-11,1530,essvi_sg05,ok,,-0.4000000000,0.4000000000,81,0.0191780822,1.3616438356,41,3321,0,0.0000000000,0.3235880696,3240,0,0.0000000000,0.0000000000,0.0000000000,true,0.7633242999,0,0.5815700632,0,0.0000000000
