slice,ticker,date,time,model,status,status_detail,grid_levels,grid_times,lv_min,lv_max,lv_mean,clamped_fraction,guard_fraction,roughness_dk,roughness_mean_abs_d2,roughness_max_abs_d2,roughness_mean_abs_d2_per_dk2,lv_analytic_minus_numeric_mean_abs,lv_analytic_minus_numeric_max_abs,rt_points,rt_failures,rt_panics,rt_vs_fit_mean_vol_bp,rt_vs_fit_max_vol_bp,rt_vs_fit_mean_abs_price,rt_vs_fit_max_abs_price,rt_vs_fit_mean_rel_price,rt_vs_mkt_mean_vol_bp,rt_vs_mkt_max_vol_bp,ur_roundtrip_points,ur_roundtrip_failures,ur_roundtrip_mean_vol_bp,ur_roundtrip_max_vol_bp,ur_clamped_fraction,ur_fallback_fraction,ur_within_desk_tolerance,trusted_strike_lo,trusted_strike_hi,trusted_t_lo,trusted_t_hi
daily,JPM,2026-08-14,1530,svi,ok,,81,41,0.0100000000,3.0000000000,0.3235889386,0.0213791027,0.0117434508,0.0100000000,0.0039150614,2.2258624100,39.1506138225,0.0677521900,2.7784392788,12,0,0,9.2981601245,26.9867824604,0.0693952362,0.1990976110,0.0065078456,10.6182709796,42.5726454212,4,0,7.0852094063,15.1075789766,0.0213791027,0.0117434508,false,345.0000000000,370.0000000000,0.0191780822,1.4383561644
daily,JPM,2026-08-14,1530,ssvi,ok,,81,41,0.1631681062,0.6308519908,0.2951049062,0.0000000000,0.0000000000,0.0100000000,0.0001071863,0.0042255431,1.0718625279,0.0254334884,1.3754303034,12,0,0,7.5042980140,15.5545438379,0.0517131889,0.1152776733,0.0055139849,24.3674434317,89.9485000007,4,0,5.9801401931,9.2193024594,0.0000000000,0.0000000000,true,345.0000000000,370.0000000000,0.0191780822,1.4383561644
daily,JPM,2026-08-14,1530,essvi,ok,,81,41,0.0100000000,0.8394527227,0.2922167201,0.0099367660,0.0000000000,0.0100000000,0.0001390814,0.0235770755,1.3908143071,0.0326598900,0.7132652263,12,0,0,7.5125156747,19.5046674671,0.0574627156,0.1447157325,0.0054644809,10.4712579804,23.3247261466,4,0,8.9105782553,17.1566979741,0.0099367660,0.0000000000,true,345.0000000000,370.0000000000,0.0191780822,1.4383561644
daily,JPM,2026-08-14,1530,essvi_g05,ok,,81,41,0.1411972500,0.8793569667,0.2948518250,0.0000000000,0.0000000000,0.0100000000,0.0001100612,0.0102519437,1.1006122172,0.0285319423,2.4814580411,12,0,0,6.7619704326,11.5449719586,0.0467610535,0.0856575087,0.0050930824,14.8673204265,31.4885259542,4,0,8.9486404003,18.0979907943,0.0000000000,0.0000000000,true,345.0000000000,370.0000000000,0.0191780822,1.4383561644
daily,JPM,2026-08-14,1530,essvi_gfree,ok,,81,41,0.0967536733,0.7938929436,0.2947633085,0.0000000000,0.0000000000,0.0100000000,0.0001130791,0.0057282352,1.1307912916,0.0274010296,1.7815574259,12,0,0,6.2387803016,14.0769728010,0.0453806145,0.1043740979,0.0044755430,13.3628189674,28.9183890559,4,0,6.8126070507,13.0997167209,0.0000000000,0.0000000000,true,345.0000000000,370.0000000000,0.0191780822,1.4383561644
daily,JPM,2026-08-14,1530,essvi_sg05,ok,,81,41,0.1672361187,0.8892260701,0.2958223504,0.0000000000,0.0000000000,0.0100000000,0.0001145535,0.0104994667,1.1455346300,0.0293645645,2.4838559053,12,0,0,9.4915224409,17.2429304021,0.0676800391,0.1279656673,0.0072111962,15.5961362053,37.7701540496,4,0,9.3406097791,20.1930958155,0.0000000000,0.0000000000,true,345.0000000000,370.0000000000,0.0191780822,1.4383561644
daily,JPM,2026-08-17,1530,svi,ok,,81,41,0.0100000000,3.0000000000,0.3122956966,0.0111412225,0.0042155977,0.0100000000,0.0012906290,1.6915870188,12.9062904776,0.0514035840,2.8788883420,15,0,0,27.5379935690,63.5777599181,0.1303140051,0.1790343817,0.0315806344,25.3372966303,48.2597668412,3,0,43.5508016745,82.8515153866,0.0111412225,0.0042155977,false,355.0000000000,370.0000000000,0.0109589041,1.4301369863
daily,JPM,2026-08-17,1530,ssvi,ok,,81,41,0.1733720890,0.7550324625,0.2952025772,0.0000000000,0.0000000000,0.0100000000,0.0001109009,0.0052746627,1.1090091262,0.0276620287,0.8699675393,15,0,0,19.2664646827,48.5707743430,0.0800902225,0.1506121949,0.0240981210,26.5113827266,80.3349819833,3,0,37.0099511880,75.4084494785,0.0000000000,0.0000000000,false,355.0000000000,370.0000000000,0.0109589041,1.4301369863
daily,JPM,2026-08-17,1530,essvi,ok,,81,41,0.0100000000,1.0472017397,0.3007160410,0.0051189401,0.0000000000,0.0100000000,0.0001511607,0.0303919952,1.5116073058,0.0353366082,1.0800502547,15,0,0,25.7026515439,66.7167056365,0.1057322068,0.1881293414,0.0318539035,24.0811935123,49.0778594619,3,0,47.4899723433,92.7949057939,0.0051189401,0.0000000000,false,355.0000000000,370.0000000000,0.0109589041,1.4301369863
daily,JPM,2026-08-17,1530,essvi_g05,ok,,81,41,0.0549613591,1.0822769139,0.2940252825,0.0000000000,0.0000000000,0.0100000000,0.0001157160,0.0144783508,1.1571598166,0.0295073677,0.8626588522,15,0,0,26.7652439380,62.6284468611,0.1207140567,0.1614843683,0.0316577754,28.4860027786,82.2373341985,3,0,44.8063825869,88.4974121474,0.0000000000,0.0000000000,false,355.0000000000,370.0000000000,0.0109589041,1.4301369863
daily,JPM,2026-08-17,1530,essvi_gfree,ok,,81,41,0.0932987267,0.9768117063,0.2942342263,0.0000000000,0.0000000000,0.0100000000,0.0001145094,0.0087401995,1.1450944571,0.0295092515,2.1716265345,15,0,0,28.2063623357,64.5586673864,0.1296151543,0.1773233025,0.0327620838,24.9044012042,65.8365817813,3,0,45.9661870948,88.8019471358,0.0000000000,0.0000000000,false,355.0000000000,370.0000000000,0.0109589041,1.4301369863
daily,JPM,2026-08-17,1530,essvi_sg05,ok,,81,41,0.0100000000,1.1150155347,0.2974553253,0.0015055706,0.0000000000,0.0100000000,0.0001493401,0.0158542992,1.4934010524,0.0366849562,1.1018146383,15,0,0,26.3401281957,70.7113884607,0.1005152987,0.2048914028,0.0324469798,29.5073190634,110.9667499127,3,0,50.8354880284,101.9390349684,0.0015055706,0.0000000000,false,355.0000000000,370.0000000000,0.0109589041,1.4301369863
daily,JPM,2026-08-18,1530,svi,ok,,81,41,0.0100000000,3.0000000000,0.3180304861,0.0192713038,0.0141523637,0.0100000000,0.0053976187,4.8071176269,53.9761870727,0.0616027052,2.7690607212,14,0,0,12.8820125466,45.1177389482,0.0515240870,0.1183317869,0.0145889827,14.2696939946,55.8878886991,4,0,147.1545234448,346.0065705604,0.0192713038,0.0141523637,false,350.0000000000,370.0000000000,0.0082191781,1.4273972603
daily,JPM,2026-08-18,1530,ssvi,ok,,81,41,0.1666780141,0.8245956230,0.2940265359,0.0000000000,0.0000000000,0.0100000000,0.0001122139,0.0060411093,1.1221392616,0.0277639959,1.1579272395,14,0,0,10.4619288530,32.2539225543,0.0415770058,0.1206739865,0.0115510370,13.1312748792,33.9753409468,4,0,132.9441920780,284.5221085935,0.0000000000,0.0000000000,false,350.0000000000,370.0000000000,0.0082191781,1.4273972603
daily,JPM,2026-08-18,1530,essvi,ok,,81,41,0.1609693741,1.0195140980,0.3086424601,0.0000000000,0.0000000000,0.0100000000,0.0001453882,0.0081269847,1.4538815817,0.0446482076,1.2645043121,14,0,0,12.9352863997,45.8948769182,0.0514430753,0.1226059489,0.0147980060,14.2186549146,58.8385991610,4,0,146.8484370639,333.3717056904,0.0000000000,0.0000000000,false,350.0000000000,370.0000000000,0.0082191781,1.4273972603
daily,JPM,2026-08-18,1530,essvi_g05,ok,,81,41,0.0442867037,1.2104501804,0.2996111805,0.0000000000,0.0000000000,0.0100000000,0.0001275726,0.0188219423,1.2757259541,0.0367990161,1.0333584459,14,0,0,13.6084114568,51.3595308711,0.0451574820,0.1509134262,0.0161540108,16.4227295701,79.8332291665,4,0,155.3404116476,350.5160000722,0.0000000000,0.0000000000,false,350.0000000000,370.0000000000,0.0082191781,1.4273972603
daily,JPM,2026-08-18,1530,essvi_gfree,ok,,81,41,0.0607664976,0.9990083278,0.2964972175,0.0000000000,0.0000000000,0.0100000000,0.0001186835,0.0075006222,1.1868354240,0.0337958477,2.2760003383,14,0,0,13.0252482458,46.3405897851,0.0484221958,0.1416603373,0.0150651205,17.7842060903,51.5147404190,4,0,150.7164585815,331.1994018031,0.0000000000,0.0000000000,false,350.0000000000,370.0000000000,0.0082191781,1.4273972603
daily,JPM,2026-08-18,1530,essvi_sg05,ok,,81,41,0.0437940965,1.2597845850,0.2989472590,0.0000000000,0.0000000000,0.0100000000,0.0001366797,0.0203857953,1.3667969103,0.0372567522,2.6405413970,14,0,0,17.6876950205,52.8675280767,0.0730028310,0.1720988341,0.0188343691,13.3474813347,40.9328616538,4,0,175.2687171036,393.1554534865,0.0000000000,0.0000000000,false,350.0000000000,370.0000000000,0.0082191781,1.4273972603
daily,JPM,2026-08-19,1530,svi,ok,,81,41,0.0100000000,1.2042222034,0.2949649509,0.0099367660,0.0000000000,0.0100000000,0.0004369349,0.1101510155,4.3693488188,0.0429145630,1.0095901269,14,0,0,2.6804142618,7.2047697425,0.0160319684,0.0614882192,0.0027164239,8.2214087787,19.7498857479,3,0,5.3196355367,11.2136159650,0.0099367660,0.0000000000,true,345.0000000000,372.5000000000,0.0246575342,1.4246575342
daily,JPM,2026-08-19,1530,ssvi,ok,,81,41,0.1690843689,0.5820038225,0.2906146497,0.0000000000,0.0000000000,0.0100000000,0.0001027028,0.0017404419,1.0270280108,0.0260096453,1.0029137634,14,0,0,1.6903685872,4.1396261855,0.0086431472,0.0197810020,0.0016363338,24.3489699540,54.9474358118,3,0,3.1534587464,5.3864216681,0.0000000000,0.0000000000,true,345.0000000000,372.5000000000,0.0246575342,1.4246575342
daily,JPM,2026-08-19,1530,essvi,ok,,81,41,0.0100000000,0.9201853551,0.2919216805,0.0069256248,0.0000000000,0.0100000000,0.0001393590,0.0309273558,1.3935900750,0.0308111571,1.0227006222,14,0,0,3.0395166054,8.3211051636,0.0160055428,0.0424068293,0.0031937036,15.5248502500,38.1434443318,3,0,6.8138534147,16.7705970608,0.0069256248,0.0000000000,true,345.0000000000,372.5000000000,0.0246575342,1.4246575342
daily,JPM,2026-08-19,1530,essvi_g05,ok,,81,41,0.1594563733,0.8629292829,0.2938944283,0.0000000000,0.0000000000,0.0100000000,0.0001052751,0.0069079435,1.0527513600,0.0313808673,1.5231524656,14,0,0,2.9103029605,8.5284336579,0.0186663210,0.0822403555,0.0029752768,13.3021229465,33.4008374676,3,0,6.6581457740,13.0495233740,0.0000000000,0.0000000000,true,345.0000000000,372.5000000000,0.0246575342,1.4246575342
daily,JPM,2026-08-19,1530,essvi_gfree,ok,,81,41,0.1594719575,0.7999405485,0.2940105811,0.0000000000,0.0000000000,0.0100000000,0.0001071232,0.0051609724,1.0712317548,0.0303938071,0.7838167676,14,0,0,2.2939955397,7.1799769616,0.0153127760,0.0692225090,0.0023450743,11.5711070423,26.0265464303,3,0,5.3651001859,10.9891216548,0.0000000000,0.0000000000,true,345.0000000000,372.5000000000,0.0246575342,1.4246575342
daily,JPM,2026-08-19,1530,essvi_sg05,ok,,81,41,0.1668947685,0.9198717540,0.2966381653,0.0000000000,0.0000000000,0.0100000000,0.0001231231,0.0086538543,1.2312308118,0.0360666331,2.5631153345,14,0,0,5.9374370685,14.7036903354,0.0435960152,0.1421699916,0.0051695520,20.2616259770,57.4848312188,3,0,7.0833957229,16.7195888399,0.0000000000,0.0000000000,true,345.0000000000,372.5000000000,0.0246575342,1.4246575342
daily,JPM,2026-08-20,1530,svi,ok,,81,41,0.0100000000,3.0000000000,0.3146071136,0.0307136405,0.0024089130,0.0100000000,0.0032431990,2.5055665159,32.4319899791,0.0617694692,2.8080688158,14,0,0,6.0888354157,12.8932714472,0.0390344359,0.1128208247,0.0055526521,16.0948855118,36.5545245004,3,0,5.8669059746,9.3425904712,0.0307136405,0.0024089130,false,342.5000000000,367.5000000000,0.0219178082,1.4219178082
daily,JPM,2026-08-20,1530,ssvi,ok,,81,41,0.1672447989,0.6289373728,0.2911111933,0.0000000000,0.0000000000,0.0100000000,0.0001026096,0.0020300707,1.0260955348,0.0238529482,2.6162722229,14,0,0,5.4320336686,12.4173411372,0.0415867075,0.1103720487,0.0041586425,12.4149926781,34.0555400925,3,0,3.8364206728,6.4745068709,0.0000000000,0.0000000000,true,342.5000000000,367.5000000000,0.0219178082,1.4219178082
daily,JPM,2026-08-20,1530,essvi,ok,,81,41,0.0100000000,0.9437030031,0.2909955584,0.0156579344,0.0000000000,0.0100000000,0.0001786637,0.0556503455,1.7866365718,0.0303878559,2.4812704940,14,0,0,9.9103020444,18.9090354329,0.0566173674,0.1127488324,0.0092546872,11.6832709382,24.9418543294,3,0,7.8911369510,14.8173916813,0.0156579344,0.0000000000,false,342.5000000000,367.5000000000,0.0219178082,1.4219178082
daily,JPM,2026-08-20,1530,essvi_g05,ok,,81,41,0.1668834098,0.8575183556,0.2948404357,0.0000000000,0.0000000000,0.0100000000,0.0001108688,0.0081394613,1.1086879492,0.0277547256,0.9205042836,14,0,0,9.6725588391,18.5960330763,0.0592037702,0.1167462895,0.0086896611,25.8848398393,54.7570485810,3,0,5.2367231597,12.0925424944,0.0000000000,0.0000000000,true,342.5000000000,367.5000000000,0.0219178082,1.4219178082
daily,JPM,2026-08-20,1530,essvi_gfree,ok,,81,41,0.1681377343,0.7731192605,0.2944603380,0.0000000000,0.0000000000,0.0100000000,0.0001107944,0.0057995255,1.1079438251,0.0276143677,2.2360337885,14,0,0,8.8774310382,16.8519661616,0.0558098237,0.1080109008,0.0078711715,23.2035019834,43.6520259892,3,0,5.2642009563,9.7871409923,0.0000000000,0.0000000000,true,342.5000000000,367.5000000000,0.0219178082,1.4219178082
daily,JPM,2026-08-20,1530,essvi_sg05,ok,,81,41,0.0100000000,0.8975377184,0.2940936367,0.0057211683,0.0000000000,0.0100000000,0.0001292970,0.0136319865,1.2929699191,0.0310490840,1.5018837635,14,0,0,12.2104685406,20.1420429702,0.0799069113,0.1771371412,0.0101617664,25.0486985143,94.9727306753,3,0,6.3349940254,12.7094390216,0.0057211683,0.0000000000,true,342.5000000000,367.5000000000,0.0219178082,1.4219178082
daily,JPM,2026-08-21,1530,svi,ok,,81,41,0.0100000000,3.0000000000,0.3448971017,0.0283047275,0.0252935863,0.0100000000,0.0036501528,2.4611334227,36.5015284724,0.0840652148,2.8125691859,13,0,0,9.6866342016,16.1911018770,0.0622096763,0.1107550308,0.0078189100,11.6023222083,28.4541145660,3,0,10.2844548539,25.1003607441,0.0283047275,0.0252935863,false,340.0000000000,360.0000000000,0.0191780822,1.4191780822
daily,JPM,2026-08-21,1530,ssvi,ok,,81,41,0.1577362150,0.6905996277,0.2939064160,0.0000000000,0.0000000000,0.0100000000,0.0001013615,0.0034321345,1.0136149367,0.0247697365,2.6315214079,13,0,0,5.1682973140,12.1265618179,0.0267350908,0.0702302558,0.0045423792,17.5662069107,52.5597808984,3,0,8.1311970990,17.5768001628,0.0000000000,0.0000000000,true,340.0000000000,360.0000000000,0.0191780822,1.4191780822
daily,JPM,2026-08-21,1530,essvi,ok,,81,41,0.0100000000,0.9856227173,0.2983955368,0.0036133695,0.0000000000,0.0100000000,0.0001499037,0.0243856958,1.4990368236,0.0306980616,2.6333045354,13,0,0,6.0784389879,12.5426228175,0.0337212071,0.0645815991,0.0050594101,12.2947737205,34.4775633564,3,0,7.8078588987,8.7522499377,0.0036133695,0.0000000000,true,340.0000000000,360.0000000000,0.0191780822,1.4191780822
daily,JPM,2026-08-21,1530,essvi_g05,ok,,81,41,0.1668612870,0.8533076043,0.2992840465,0.0000000000,0.0000000000,0.0100000000,0.0001150409,0.0098196971,1.1504086116,0.0294425115,0.8073376574,13,0,0,6.2777197250,8.3269041376,0.0411427549,0.0629043487,0.0048987526,14.6774867198,51.2218458146,3,0,8.9458196481,11.5302496015,0.0000000000,0.0000000000,true,340.0000000000,360.0000000000,0.0191780822,1.4191780822
daily,JPM,2026-08-21,1530,essvi_gfree,ok,,81,41,0.1652753993,0.8302779540,0.2985555550,0.0000000000,0.0000000000,0.0100000000,0.0001140957,0.0088544221,1.1409574647,0.0292325497,0.7397848797,13,0,0,5.9456305546,8.7647795654,0.0374466894,0.0610546184,0.0047610325,14.9866984115,47.9739118250,3,0,9.0979062071,12.0775484467,0.0000000000,0.0000000000,true,340.0000000000,360.0000000000,0.0191780822,1.4191780822
daily,JPM,2026-08-21,1530,essvi_sg05,ok,,81,41,0.1082836942,0.8873287206,0.2982262824,0.0000000000,0.0000000000,0.0100000000,0.0001194663,0.0101867833,1.1946632757,0.0316055748,1.1629857866,13,0,0,6.2973606411,16.8643413773,0.0349466739,0.0657728672,0.0054229404,24.1609882313,64.6074326619,3,0,8.1971263714,10.3155494657,0.0000000000,0.0000000000,true,340.0000000000,360.0000000000,0.0191780822,1.4191780822
daily,JPM,2026-08-24,1538,svi,ok,,81,41,0.1576973143,2.2499211784,0.3136666925,0.0000000000,0.0000000000,0.0100000000,0.0003401774,0.0510889844,3.4017739510,0.0438510377,1.9999062004,14,0,0,14.4530425892,36.9249822740,0.0601002583,0.1381993259,0.0155510542,14.9395111688,39.2511813934,5,0,46.4517486474,93.7185468017,0.0000000000,0.0000000000,false,342.5000000000,370.0000000000,0.0109589041,1.4109589041
daily,JPM,2026-08-24,1538,ssvi,ok,,81,41,0.1368347412,0.7913260093,0.2981892153,0.0000000000,0.0000000000,0.0100000000,0.0001201079,0.0050023517,1.2010785185,0.0278184320,2.6031867632,14,0,0,6.0097311673,21.7525409919,0.0260157911,0.0781268149,0.0066843935,21.1665182000,75.4818764213,5,0,22.5394185556,51.3673628135,0.0000000000,0.0000000000,false,342.5000000000,370.0000000000,0.0109589041,1.4109589041
daily,JPM,2026-08-24,1538,essvi,ok,,81,41,0.1361478063,1.0705659769,0.3064216298,0.0000000000,0.0000000000,0.0100000000,0.0001491415,0.0134347317,1.4914151752,0.0369802515,2.5780732134,14,0,0,12.7392519839,45.3869109260,0.0458547703,0.1022394835,0.0149530736,17.9678939124,69.2666459800,5,0,54.4646021851,106.4899058358,0.0000000000,0.0000000000,false,342.5000000000,370.0000000000,0.0109589041,1.4109589041
daily,JPM,2026-08-24,1538,essvi_g05,ok,,81,41,0.1537225188,1.0964247603,0.3020825912,0.0000000000,0.0000000000,0.0100000000,0.0001283239,0.0156501449,1.2832385920,0.0331400561,1.4274981108,14,0,0,20.2024075790,59.1934511844,0.0794776796,0.1613210721,0.0220791952,18.4764923169,67.0637884604,5,0,64.4599158627,122.6825133006,0.0000000000,0.0000000000,false,342.5000000000,370.0000000000,0.0109589041,1.4109589041
daily,JPM,2026-08-24,1538,essvi_gfree,ok,,81,41,0.1550668966,1.0277509036,0.3019622300,0.0000000000,0.0000000000,0.0100000000,0.0001283420,0.0106254976,1.2834198832,0.0319823209,2.6072976755,14,0,0,19.0953833192,53.0092877665,0.0753598435,0.1595146483,0.0207913050,17.7104263641,66.6354229436,5,0,59.8060235886,107.4148198132,0.0000000000,0.0000000000,false,342.5000000000,370.0000000000,0.0109589041,1.4109589041
daily,JPM,2026-08-24,1538,essvi_sg05,ok,,81,41,0.1404441249,1.1403474217,0.3043568538,0.0000000000,0.0000000000,0.0100000000,0.0001468630,0.0191936134,1.4686302690,0.0372172460,2.4645740347,14,0,0,19.2402699289,51.8308894277,0.0839605895,0.1438119597,0.0203525516,22.8156554974,58.7622183853,5,0,61.6944233815,129.7440801369,0.0000000000,0.0000000000,false,342.5000000000,370.0000000000,0.0109589041,1.4109589041
daily,JPM,2026-08-25,1530,svi,ok,,81,41,0.1079603784,1.8639518414,0.3029897055,0.0000000000,0.0000000000,0.0100000000,0.0002132446,0.0262663400,2.1324457073,0.0399671591,2.6682811483,14,0,0,13.7689049055,31.8016030535,0.0673652426,0.1893840448,0.0143284839,15.0563399715,36.9064798190,4,0,86.3883604905,182.2968086493,0.0000000000,0.0000000000,false,345.0000000000,367.5000000000,0.0082191781,1.4082191781
daily,JPM,2026-08-25,1530,ssvi,ok,,81,41,0.1642293561,0.7627778939,0.2942726822,0.0000000000,0.0000000000,0.0100000000,0.0001143662,0.0041563201,1.1436619218,0.0284326931,2.5798003850,14,0,0,7.2486310736,23.4435946410,0.0334213904,0.0988760988,0.0079539954,11.3648234577,33.9219010601,4,0,63.4032435577,148.5802440035,0.0000000000,0.0000000000,false,345.0000000000,367.5000000000,0.0082191781,1.4082191781
daily,JPM,2026-08-25,1530,essvi,ok,,81,41,0.1540133055,1.0588863967,0.2973932865,0.0000000000,0.0000000000,0.0100000000,0.0001274864,0.0120812259,1.2748639626,0.0317986940,2.4747860007,14,0,0,11.1841443867,29.7839790891,0.0498652040,0.1151241286,0.0122463441,11.1042743063,36.5514556263,4,0,82.5497463201,188.5011934738,0.0000000000,0.0000000000,false,345.0000000000,367.5000000000,0.0082191781,1.4082191781
daily,JPM,2026-08-25,1530,essvi_g05,ok,,81,41,0.1710051533,1.1691311214,0.3017018791,0.0000000000,0.0000000000,0.0100000000,0.0001335487,0.0203152276,1.3354873316,0.0357045906,1.7647190778,14,0,0,13.5228742861,37.2168514533,0.0603802831,0.1150366750,0.0142234327,20.4137615408,92.5502963347,4,0,95.6616963265,195.3624192729,0.0000000000,0.0000000000,false,345.0000000000,367.5000000000,0.0082191781,1.4082191781
daily,JPM,2026-08-25,1530,essvi_gfree,ok,,81,41,0.1730669649,0.9705598548,0.2988995757,0.0000000000,0.0000000000,0.0100000000,0.0001255168,0.0080479253,1.2551682282,0.0329967109,2.5852514061,14,0,0,13.6489518376,33.0607395133,0.0581358333,0.1079366435,0.0148878298,16.8953991700,59.8290663903,4,0,97.5833566431,193.9031279075,0.0000000000,0.0000000000,false,345.0000000000,367.5000000000,0.0082191781,1.4082191781
daily,JPM,2026-08-25,1530,essvi_sg05,ok,,81,41,0.0100000000,1.2210186875,0.3021849814,0.0105389943,0.0000000000,0.0100000000,0.0001689370,0.0409252975,1.6893695266,0.0425844089,2.5993066641,14,0,0,15.4831510678,50.7586435075,0.0635192571,0.1543432001,0.0163560794,38.9754403797,237.2152221867,4,0,89.7571715105,180.9860549513,0.0105389943,0.0000000000,false,345.0000000000,367.5000000000,0.0082191781,1.4082191781
daily,JPM,2026-08-26,1530,svi,ok,,81,41,0.0100000000,3.0000000000,0.3218954155,0.0177657332,0.0135501355,0.0100000000,0.0025745402,2.9642473688,25.7454024078,0.0631109133,2.8078068333,12,0,0,14.3513249886,37.4536825238,0.0813881341,0.1681062942,0.0105437889,17.3519210966,39.4202476728,3,0,110.5609961141,309.5947033732,0.0177657332,0.0135501355,false,350.0000000000,365.0000000000,0.0054794521,1.4054794521
daily,JPM,2026-08-26,1530,ssvi,ok,,81,41,0.1724617092,0.9649464099,0.2980891381,0.0000000000,0.0000000000,0.0100000000,0.0001212660,0.0079714634,1.2126603072,0.0295075154,1.1318474783,12,0,0,20.1605884271,39.3007152912,0.1210199111,0.1651339840,0.0145751051,14.3617113485,39.3007152912,3,0,114.3953003567,316.4610682599,0.0000000000,0.0000000000,false,350.0000000000,365.0000000000,0.0054794521,1.4054794521
daily,JPM,2026-08-26,1530,essvi,ok,,81,41,0.0100000000,1.0742066326,0.2858292271,0.0195724179,0.0000000000,0.0100000000,0.0002388209,0.0896841173,2.3882085081,0.0346625950,2.0372237398,12,0,0,17.7440673260,39.9353008015,0.1046279301,0.1631664004,0.0129782763,17.1219339251,39.9353008015,3,0,115.1280179534,321.2342088548,0.0195724179,0.0000000000,false,350.0000000000,365.0000000000,0.0054794521,1.4054794521
daily,JPM,2026-08-26,1530,essvi_g05,ok,,81,41,0.1679571230,1.3937431459,0.3037865815,0.0000000000,0.0000000000,0.0100000000,0.0001423397,0.0264532091,1.4233973437,0.0380547222,2.5998953476,12,0,0,19.7583202912,44.4972214806,0.1131305613,0.1818067998,0.0145855041,22.5805428721,61.1756810853,3,0,123.7656740511,333.4430758091,0.0000000000,0.0000000000,false,350.0000000000,365.0000000000,0.0054794521,1.4054794521
daily,JPM,2026-08-26,1530,essvi_gfree,ok,,81,41,0.1718601786,1.0369100095,0.2990698374,0.0000000000,0.0000000000,0.0100000000,0.0001258104,0.0087219799,1.2581039121,0.0318011674,1.3758896950,12,0,0,18.9464304103,40.3271870469,0.1098105087,0.1647678856,0.0140035868,21.9495171151,44.8653492473,3,0,121.8232856417,334.7321009470,0.0000000000,0.0000000000,false,350.0000000000,365.0000000000,0.0054794521,1.4054794521
daily,JPM,2026-08-26,1530,essvi_sg05,ok,,81,41,0.1733487327,1.4953242914,0.3073777803,0.0000000000,0.0000000000,0.0100000000,0.0001591207,0.0299158096,1.5912067308,0.0414938009,2.6096730070,12,0,0,27.0454335575,53.6288203706,0.1628031463,0.2191155829,0.0193648457,20.1509910136,53.6288203706,3,0,140.3820959529,380.6235885222,0.0000000000,0.0000000000,false,350.0000000000,365.0000000000,0.0054794521,1.4054794521
daily,JPM,2026-08-27,1530,svi,ok,,81,41,0.0100000000,3.0000000000,0.3013203203,0.0099367660,0.0036133695,0.0100000000,0.0019954484,2.4793790503,19.9544840343,0.0362838512,2.7728343913,13,0,0,8.1482366873,22.8456770554,0.0690939027,0.1995980300,0.0054342396,11.0630171912,31.9866514397,3,0,12.6707310527,17.3165964582,0.0099367660,0.0036133695,false,345.0000000000,362.5000000000,0.0219178082,1.4027397260
daily,JPM,2026-08-27,1530,ssvi,ok,,81,41,0.1824019306,0.8302929764,0.2933699717,0.0000000000,0.0000000000,0.0100000000,0.0001090030,0.0031778249,1.0900302287,0.0245530130,2.5312178758,13,0,0,6.9690554330,15.8515948904,0.0554677646,0.1387076572,0.0047988728,13.4313177488,31.3431757911,3,0,14.6627395555,17.0539468548,0.0000000000,0.0000000000,true,345.0000000000,362.5000000000,0.0219178082,1.4027397260
daily,JPM,2026-08-27,1530,essvi,ok,,81,41,0.0100000000,0.8039451014,0.2899943553,0.0072267389,0.0000000000,0.0100000000,0.0001289722,0.0448851338,1.2897221701,0.0229823337,0.5144647255,13,0,0,6.4568363547,15.1708267485,0.0531167013,0.1327419372,0.0043433390,9.3139733587,33.3211548754,3,0,14.3940251010,18.2756812664,0.0072267389,0.0000000000,true,345.0000000000,362.5000000000,0.0219178082,1.4027397260
daily,JPM,2026-08-27,1530,essvi_g05,ok,,81,41,0.1678015669,0.8907394999,0.2972391825,0.0000000000,0.0000000000,0.0100000000,0.0001167518,0.0086164161,1.1675183960,0.0275996668,0.7635171593,13,0,0,6.2411551715,12.5574529290,0.0445429860,0.1098616199,0.0047039345,13.8758475905,37.6599136222,3,0,14.8566012195,17.2096453119,0.0000000000,0.0000000000,true,345.0000000000,362.5000000000,0.0219178082,1.4027397260
daily,JPM,2026-08-27,1530,essvi_gfree,ok,,81,41,0.1736512527,0.7962224948,0.2962151793,0.0000000000,0.0000000000,0.0100000000,0.0001151893,0.0049971300,1.1518932660,0.0260167177,0.6131663359,13,0,0,6.0097423592,13.9786429138,0.0470137094,0.1222671030,0.0042591071,12.6902776640,43.0400416351,3,0,13.7136065076,17.4316592049,0.0000000000,0.0000000000,true,345.0000000000,362.5000000000,0.0219178082,1.4027397260
daily,JPM,2026-08-27,1530,essvi_sg05,ok,,81,41,0.1855403966,0.9030743203,0.2981694820,0.0000000000,0.0000000000,0.0100000000,0.0001245159,0.0091605684,1.2451591344,0.0298196832,0.8622032622,13,0,0,8.7618530440,14.7992252342,0.0613601980,0.1296168178,0.0064879240,19.6603918764,34.9526470448,3,0,17.2033428773,20.7515470010,0.0000000000,0.0000000000,true,345.0000000000,362.5000000000,0.0219178082,1.4027397260
daily,JPM,2026-08-31,1530,svi,ok,,81,41,0.0100000000,2.2256449620,0.3058254849,0.0340258958,0.0054200542,0.0100000000,0.0013428907,0.7454543596,13.4289070843,0.0589160480,2.6535426691,12,0,0,23.8684739252,66.2792561084,0.1310787847,0.2555124015,0.0178359131,24.6859093118,57.1749922560,3,0,69.3495018078,137.0238249222,0.0340258958,0.0054200542,false,345.0000000000,367.5000000000,0.0109589041,1.3917808219
daily,JPM,2026-08-31,1530,ssvi,ok,,81,41,0.1817857140,0.6895853440,0.2888551307,0.0000000000,0.0000000000,0.0100000000,0.0001010232,0.0026411004,1.0102323596,0.0259655995,1.3273369457,12,0,0,27.8267742302,66.7516881781,0.1673442912,0.2495750578,0.0207261121,41.7644409299,76.5333273049,3,0,71.5412313523,135.5954587109,0.0000000000,0.0000000000,false,345.0000000000,367.5000000000,0.0109589041,1.3917808219
daily,JPM,2026-08-31,1530,essvi,ok,,81,41,0.0100000000,0.8234459735,0.2943408093,0.0072267389,0.0000000000,0.0100000000,0.0001352639,0.0338189775,1.3526393869,0.0354794369,2.6208207051,12,0,0,26.1654660818,67.5693449108,0.1499783370,0.2588388668,0.0195688708,33.0062106785,61.4751097270,3,0,71.7086343889,139.6876442096,0.0072267389,0.0000000000,false,345.0000000000,367.5000000000,0.0109589041,1.3917808219
daily,JPM,2026-08-31,1530,essvi_g05,ok,,81,41,0.1793747372,1.1176779926,0.3005571237,0.0000000000,0.0000000000,0.0100000000,0.0001309440,0.0153915168,1.3094402734,0.0368988877,1.6874723398,12,0,0,25.7822678172,71.0953436695,0.1485416890,0.2814693556,0.0190089501,25.1636417133,90.1809770176,3,0,80.7360813350,160.3561143115,0.0000000000,0.0000000000,false,345.0000000000,367.5000000000,0.0109589041,1.3917808219
daily,JPM,2026-08-31,1530,essvi_gfree,ok,,81,41,0.1713219374,0.9533567877,0.2981885148,0.0000000000,0.0000000000,0.0100000000,0.0001247014,0.0078807600,1.2470136224,0.0341656508,1.8306127982,12,0,0,25.8697981253,68.5702213617,0.1502827872,0.2650757057,0.0191791450,24.3997424587,77.9022190024,3,0,75.4993706202,145.9672111519,0.0000000000,0.0000000000,false,345.0000000000,367.5000000000,0.0109589041,1.3917808219
daily,JPM,2026-08-31,1530,essvi_sg05,ok,,81,41,0.1873685415,1.1447446328,0.2988815967,0.0000000000,0.0000000000,0.0100000000,0.0001315889,0.0155062785,1.3158891929,0.0377912865,2.3476346124,12,0,0,27.6209896989,79.3511520180,0.1551637026,0.3137609929,0.0203322563,28.5941355696,74.5190861668,3,0,88.9706484831,174.7051711302,0.0000000000,0.0000000000,false,345.0000000000,367.5000000000,0.0109589041,1.3917808219
daily,JPM,2026-09-01,1530,svi,ok,,81,41,0.0655907157,3.0000000000,0.3128231924,0.0030111412,0.0048178260,0.0100000000,0.0041775813,4.0212187193,41.7758130473,0.0475474902,2.7862892633,11,0,0,17.2772466282,69.8314112154,0.1023644592,0.2540252718,0.0111871290,18.9115516404,67.9762225961,3,0,142.8088733515,381.5254730315,0.0030111412,0.0048178260,false,347.5000000000,365.0000000000,0.0082191781,1.3890410959
daily,JPM,2026-09-01,1530,ssvi,ok,,81,41,0.1940117322,0.9146708165,0.2973838488,0.0000000000,0.0000000000,0.0100000000,0.0001187872,0.0087096453,1.1878720277,0.0276714065,1.7865127171,11,0,0,24.7064583157,70.5810602546,0.1699037065,0.2688414144,0.0157528866,32.7015947645,84.7088823088,3,0,145.0641949760,391.7930948882,0.0000000000,0.0000000000,false,347.5000000000,365.0000000000,0.0082191781,1.3890410959
daily,JPM,2026-09-01,1530,essvi,ok,,81,41,0.1909837178,1.1255195502,0.3018294444,0.0000000000,0.0000000000,0.0100000000,0.0001281178,0.0125913926,1.2811779532,0.0326429378,2.6799924476,11,0,0,20.2000284554,74.7049679986,0.1237654213,0.2717541687,0.0131242275,26.7172336886,74.7049679986,3,0,153.6707174055,408.5359450321,0.0000000000,0.0000000000,false,347.5000000000,365.0000000000,0.0082191781,1.3890410959
daily,JPM,2026-09-01,1530,essvi_g05,ok,,81,41,0.1865627137,1.2339579445,0.3034206086,0.0000000000,0.0000000000,0.0100000000,0.0001405488,0.0201490817,1.4054880073,0.0331394288,0.9885564702,11,0,0,20.9597628523,76.3888124442,0.1351260777,0.2778804984,0.0133872098,24.4230952824,86.4054919795,3,0,145.3569500382,380.7393098830,0.0000000000,0.0000000000,false,347.5000000000,365.0000000000,0.0082191781,1.3890410959
daily,JPM,2026-09-01,1530,essvi_gfree,ok,,81,41,0.1877961467,1.1189767969,0.3023458677,0.0000000000,0.0000000000,0.0100000000,0.0001356243,0.0124320968,1.3562433873,0.0327664358,2.4769844068,11,0,0,20.9714211649,77.3033763236,0.1309227072,0.2812068508,0.0135484490,23.9003346333,80.8362949578,3,0,152.8185934876,405.5388797059,0.0000000000,0.0000000000,false,347.5000000000,365.0000000000,0.0082191781,1.3890410959
daily,JPM,2026-09-01,1530,essvi_sg05,ok,,81,41,0.1838987075,1.2436301578,0.3033821876,0.0000000000,0.0000000000,0.0100000000,0.0001386579,0.0194180041,1.3865794728,0.0330645273,0.9949725141,11,0,0,21.9015185388,85.2406361315,0.1374284198,0.3100803002,0.0138801932,28.8492299195,85.2406361315,3,0,165.3261908692,432.8236794927,0.0000000000,0.0000000000,false,347.5000000000,365.0000000000,0.0082191781,1.3890410959
daily,JPM,2026-09-02,1530,svi,ok,,81,41,0.0100000000,3.0000000000,0.3361451497,0.0102378802,0.0165612767,0.0100000000,0.0017544026,1.7993412148,17.5440263241,0.0710431148,2.7992692760,13,0,0,19.2027055382,44.2717889308,0.1102425742,0.2132463887,0.0152732663,21.8891552190,47.9527904208,3,0,140.7031357580,380.7634297824,0.0102378802,0.0165612767,false,345.0000000000,365.0000000000,0.0054794521,1.3863013699
daily,JPM,2026-09-02,1530,ssvi,ok,,81,41,0.1925863776,0.9701399280,0.2987351381,0.0000000000,0.0000000000,0.0100000000,0.0001317874,0.0106189255,1.3178736469,0.0343337854,2.6193720067,13,0,0,16.1289166078,38.0524770474,0.0971924703,0.2013410543,0.0126193157,14.1905026704,38.0524770474,3,0,132.4438476949,363.6760087539,0.0000000000,0.0000000000,false,345.0000000000,365.0000000000,0.0054794521,1.3863013699
daily,JPM,2026-09-02,1530,essvi,ok,,81,41,0.1912324933,1.2364058553,0.3046534916,0.0000000000,0.0000000000,0.0100000000,0.0001527322,0.0196981863,1.5273218233,0.0371234591,0.9908494557,13,0,0,20.6945210897,44.2555827060,0.1212272346,0.2075744859,0.0164274339,22.1011918479,49.5682261607,3,0,143.3753998235,386.5216670457,0.0000000000,0.0000000000,false,345.0000000000,365.0000000000,0.0054794521,1.3863013699
daily,JPM,2026-09-02,1530,essvi_g05,ok,,81,41,0.1878774640,1.3563798117,0.3052636138,0.0000000000,0.0000000000,0.0100000000,0.0001518189,0.0297973879,1.5181891130,0.0380519409,1.1065604110,13,0,0,18.5186454549,48.5546243428,0.0994818116,0.1953955293,0.0153580207,30.7963785883,73.1308975389,3,0,145.0851685902,390.4296667916,0.0000000000,0.0000000000,false,345.0000000000,365.0000000000,0.0054794521,1.3863013699
daily,JPM,2026-09-02,1530,essvi_gfree,ok,,81,41,0.1910604181,1.1697291868,0.3030810025,0.0000000000,0.0000000000,0.0100000000,0.0001412312,0.0150846211,1.4123124791,0.0354384218,1.1287908547,13,0,0,17.6190633297,43.9214828092,0.0967508059,0.1932207469,0.0144530417,31.6136414341,59.5874319360,3,0,142.2455184376,385.7088605408,0.0000000000,0.0000000000,false,345.0000000000,365.0000000000,0.0054794521,1.3863013699
daily,JPM,2026-09-02,1530,essvi_sg05,ok,,81,41,0.1879136517,1.4002856157,0.3040267214,0.0000000000,0.0000000000,0.0100000000,0.0001624980,0.0328671942,1.6249802439,0.0403381350,2.6020349760,13,0,0,22.4376769403,53.3921180943,0.1270438515,0.2309516059,0.0177161807,19.5433964898,79.6406669775,3,0,157.2932119913,416.2197208856,0.0000000000,0.0000000000,false,345.0000000000,365.0000000000,0.0054794521,1.3863013699
daily,JPM,2026-09-03,1530,svi,ok,,81,41,0.0100000000,1.5509970109,0.2853340991,0.0210779886,0.0000000000,0.0100000000,0.0006642935,0.1644319531,6.6429346191,0.0395136713,1.3637110645,13,0,0,8.5649965413,20.2727355330,0.0695853224,0.1763494884,0.0061291680,11.9187040304,39.5392995634,3,0,3.5801094321,6.5756698928,0.0210779886,0.0000000000,false,352.5000000000,370.0000000000,0.0219178082,1.3835616438
daily,JPM,2026-09-03,1530,ssvi,ok,,81,41,0.1707565348,0.6374062046,0.2880716989,0.0000000000,0.0000000000,0.0100000000,0.0001063546,0.0037144125,1.0635462325,0.0261495581,0.8251200869,13,0,0,6.5751419846,17.6210205053,0.0555417046,0.1535158568,0.0045119894,13.8047246148,39.0400970583,3,0,3.6302142981,7.2969964379,0.0000000000,0.0000000000,true,352.5000000000,370.0000000000,0.0219178082,1.3835616438
daily,JPM,2026-09-03,1530,essvi,ok,,81,41,0.0100000000,0.6996971707,0.2817576577,0.0138512496,0.0000000000,0.0100000000,0.0001484251,0.0461129367,1.4842509615,0.0264891450,0.7683541569,13,0,0,7.5609863084,19.2295304094,0.0648987200,0.1675083405,0.0050661303,12.9127781366,45.9130858744,3,0,3.9524613662,8.2860408895,0.0138512496,0.0000000000,false,352.5000000000,370.0000000000,0.0219178082,1.3835616438
daily,JPM,2026-09-03,1530,essvi_g05,ok,,81,41,0.1365383805,0.8711595754,0.2893344683,0.0000000000,0.0000000000,0.0100000000,0.0001071299,0.0084923412,1.0712985455,0.0290864574,0.7556130002,13,0,0,6.3077285175,13.6860904575,0.0484149046,0.1192195306,0.0045251114,14.1200205775,45.4465938253,3,0,4.5372981483,8.6575257773,0.0000000000,0.0000000000,true,352.5000000000,370.0000000000,0.0219178082,1.3835616438
daily,JPM,2026-09-03,1530,essvi_gfree,ok,,81,41,0.1135179323,0.7432146539,0.2886137030,0.0000000000,0.0000000000,0.0100000000,0.0001098834,0.0043799657,1.0988340047,0.0280728163,0.9031637698,13,0,0,6.5890831388,14.7903816421,0.0543767223,0.1287820380,0.0045262786,14.6149422784,54.3423642311,3,0,3.4575248375,7.6915497355,0.0000000000,0.0000000000,true,352.5000000000,370.0000000000,0.0219178082,1.3835616438
daily,JPM,2026-09-03,1530,essvi_sg05,ok,,81,41,0.1518826455,0.9114462147,0.2901105090,0.0000000000,0.0000000000,0.0100000000,0.0001166689,0.0095006810,1.1666890130,0.0327170220,1.6176773522,13,0,0,6.5912726076,16.9912631753,0.0439897816,0.1067314841,0.0049979624,25.2271987785,82.8498589624,3,0,4.3537561363,7.9504933935,0.0000000000,0.0000000000,true,352.5000000000,370.0000000000,0.0219178082,1.3835616438
daily,JPM,2026-09-04,1530,svi,ok,,81,41,0.0100000000,3.0000000000,0.3008631811,0.0210779886,0.0087323095,0.0100000000,0.0012858436,1.0445768411,12.8584355505,0.0513288725,2.7558913254,13,0,0,17.9830905561,62.5266973715,0.0845767608,0.1679422035,0.0202784934,20.4815716743,74.9287264818,5,0,8.5948040284,12.3140316098,0.0210779886,0.0087323095,false,340.0000000000,375.0000000000,0.0191780822,1.3808219178
daily,JPM,2026-09-04,1530,ssvi,ok,,81,41,0.1621867402,0.6181287020,0.2849884855,0.0000000000,0.0000000000,0.0100000000,0.0000952166,0.0033206454,0.9521659565,0.0223384738,0.9556704924,13,0,0,14.1395100532,36.2636760204,0.0753264745,0.1276652848,0.0130631229,44.3386333583,243.8284282367,5,0,6.5332895265,16.1335277315,0.0000000000,0.0000000000,true,340.0000000000,375.0000000000,0.0191780822,1.3808219178
daily,JPM,2026-09-04,1530,essvi,ok,,81,41,0.0100000000,0.6754443715,0.2838581701,0.0087323095,0.0000000000,0.0100000000,0.0001215050,0.0251382704,1.2150503625,0.0259877265,1.7874712760,13,0,0,15.2318593965,54.0328696562,0.0687544302,0.1269161255,0.0173099053,20.6280310324,68.8987320956,5,0,7.6569173981,15.4047764045,0.0087323095,0.0000000000,true,340.0000000000,375.0000000000,0.0191780822,1.3808219178
daily,JPM,2026-09-04,1530,essvi_g05,ok,,81,41,0.1714581218,0.8409725996,0.2883043653,0.0000000000,0.0000000000,0.0100000000,0.0001012401,0.0088173349,1.0124009586,0.0260771861,1.7337281451,13,0,0,16.7467209876,58.9049128788,0.0731449784,0.1441629574,0.0185196170,24.6532697409,140.5665895908,5,0,8.1817793028,18.0732964990,0.0000000000,0.0000000000,true,340.0000000000,375.0000000000,0.0191780822,1.3808219178
daily,JPM,2026-09-04,1530,essvi_gfree,ok,,81,41,0.1588690449,0.7479619470,0.2870669675,0.0000000000,0.0000000000,0.0100000000,0.0001005892,0.0051012769,1.0058917621,0.0247002580,1.4036868926,13,0,0,16.8916456287,58.4671888964,0.0760535797,0.1470763401,0.0186861404,23.7491915551,122.4616607552,5,0,6.9408405180,16.6757694528,0.0000000000,0.0000000000,true,340.0000000000,375.0000000000,0.0191780822,1.3808219178
daily,JPM,2026-09-04,1530,essvi_sg05,ok,,81,41,0.1001422261,0.9142757994,0.2875493721,0.0000000000,0.0000000000,0.0100000000,0.0001093702,0.0092648440,1.0937022427,0.0294950998,0.8163031350,13,0,0,15.9919928500,53.9391841797,0.0776631801,0.1581443663,0.0183673301,23.6710952838,70.2295346880,5,0,9.0117120303,20.2114596309,0.0000000000,0.0000000000,true,340.0000000000,375.0000000000,0.0191780822,1.3808219178
daily,JPM,2026-09-08,1530,svi,ok,,81,41,0.0100000000,3.0000000000,0.3317467338,0.0454682325,0.0207768744,0.0100000000,0.0040476447,2.2963225711,40.4764467671,0.0857785451,2.7782350547,13,0,0,4.3484988738,11.4354469905,0.0254083585,0.0709410807,0.0032715839,10.3160203731,47.9703527128,3,0,77.5398634745,190.6681943331,0.0454682325,0.0207768744,false,345.0000000000,365.0000000000,0.0082191781,1.3698630137
daily,JPM,2026-09-08,1530,ssvi,ok,,81,41,0.1887483572,0.9529228423,0.2935263338,0.0000000000,0.0000000000,0.0100000000,0.0001109742,0.0085790050,1.1097422182,0.0307738389,1.5861365241,13,0,0,6.3501246037,17.1117233069,0.0334437938,0.0700255772,0.0047790285,20.8921171834,94.7426346097,3,0,89.6071687038,223.1207590393,0.0000000000,0.0000000000,false,345.0000000000,365.0000000000,0.0082191781,1.3698630137
daily,JPM,2026-09-08,1530,essvi,ok,,81,41,0.0100000000,0.9046891946,0.2854651940,0.0153568202,0.0000000000,0.0100000000,0.0001523905,0.0422516422,1.5239050253,0.0344568013,2.6601007263,13,0,0,5.6449579512,15.3626027588,0.0319960988,0.0668942851,0.0041514187,10.6753951167,32.7708021593,3,0,82.6980723839,203.1202995382,0.0153568202,0.0000000000,false,345.0000000000,365.0000000000,0.0082191781,1.3698630137
daily,JPM,2026-09-08,1530,essvi_g05,ok,,81,41,0.1610652271,1.2263996421,0.2957831455,0.0000000000,0.0000000000,0.0100000000,0.0001147980,0.0154693396,1.1479799737,0.0355230090,2.3656917021,13,0,0,6.4237084905,21.6690975107,0.0369223849,0.0784417624,0.0048672037,18.4813646491,76.6764667896,3,0,82.2853627829,201.6577823560,0.0000000000,0.0000000000,false,345.0000000000,365.0000000000,0.0082191781,1.3698630137
daily,JPM,2026-09-08,1530,essvi_gfree,ok,,81,41,0.1826938164,1.0483664829,0.2945008005,0.0000000000,0.0000000000,0.0100000000,0.0001131147,0.0080755039,1.1311471192,0.0323478626,2.3645065093,13,0,0,4.8258522332,14.5156142063,0.0278668879,0.0655724567,0.0036693980,16.8086418039,63.6231115203,3,0,77.7546166897,190.5101074793,0.0000000000,0.0000000000,false,345.0000000000,365.0000000000,0.0082191781,1.3698630137
daily,JPM,2026-09-08,1530,essvi_sg05,ok,,81,41,0.0100000000,1.2758150130,0.2967687728,0.0009033424,0.0000000000,0.0100000000,0.0001331761,0.0164920533,1.3317614230,0.0403170077,1.4934996052,13,0,0,11.5554144499,32.0217205058,0.0639041466,0.1080483141,0.0083108338,34.5079726957,251.1743604354,3,0,105.7889683947,254.3649893588,0.0009033424,0.0000000000,false,345.0000000000,365.0000000000,0.0082191781,1.3698630137
daily,JPM,2026-09-09,1530,svi,ok,,81,41,0.0100000000,3.0000000000,0.3298558258,0.0228846733,0.0171635050,0.0100000000,0.0029357368,2.3618173828,29.3573680314,0.0700749586,2.7858102852,13,0,0,16.9815917450,29.7373354663,0.1113962536,0.1696625201,0.0118504861,20.2534402673,47.9804701836,4,0,149.3299564782,304.8079945389,0.0228846733,0.0171635050,false,350.0000000000,370.0000000000,0.0054794521,1.3671232877
daily,JPM,2026-09-09,1530,ssvi,ok,,81,41,0.1939648998,0.9528994948,0.2945473800,0.0000000000,0.0000000000,0.0100000000,0.0001148462,0.0053091591,1.1484617670,0.0282571117,1.8317154860,13,0,0,18.5891341745,25.2607093388,0.1155932259,0.1562070435,0.0130507955,21.0591381127,72.6568376203,4,0,164.9803378328,323.9804698030,0.0000000000,0.0000000000,false,350.0000000000,370.0000000000,0.0054794521,1.3671232877
daily,JPM,2026-09-09,1530,essvi,ok,,81,41,0.0100000000,0.9022821489,0.2906608701,0.0075278531,0.0000000000,0.0100000000,0.0001423508,0.0535705218,1.4235083909,0.0277915733,1.6222256629,13,0,0,20.3021564474,28.2553315203,0.1307347126,0.1704331197,0.0141722433,17.6689776389,29.9674874807,4,0,175.6318527372,345.4714996209,0.0075278531,0.0000000000,false,350.0000000000,370.0000000000,0.0054794521,1.3671232877
daily,JPM,2026-09-09,1530,essvi_g05,ok,,81,41,0.1961139479,1.4480870794,0.3005694128,0.0000000000,0.0000000000,0.0100000000,0.0001264895,0.0214072743,1.2648948544,0.0358377042,1.1713755255,13,0,0,17.0442880051,26.2091518311,0.1032876492,0.1668416973,0.0124783049,27.0731278089,97.7788741261,4,0,166.7681134209,350.0681805542,0.0000000000,0.0000000000,false,350.0000000000,370.0000000000,0.0054794521,1.3671232877
daily,JPM,2026-09-09,1530,essvi_gfree,ok,,81,41,0.1975281133,1.0083636165,0.2963361660,0.0000000000,0.0000000000,0.0100000000,0.0001173349,0.0060282490,1.1733485655,0.0296237346,2.4463837532,13,0,0,15.7050692582,25.3161692734,0.1016383316,0.1567065514,0.0111476375,24.6870204886,71.5683155854,4,0,153.0290764743,323.7506409912,0.0000000000,0.0000000000,false,350.0000000000,370.0000000000,0.0054794521,1.3671232877
daily,JPM,2026-09-09,1530,essvi_sg05,ok,,81,41,0.1973667502,1.6605966408,0.3042011834,0.0000000000,0.0000000000,0.0100000000,0.0001525047,0.0286194372,1.5250468760,0.0403305282,2.6315060898,13,0,0,27.5081649039,39.5813561179,0.1755690677,0.2470801743,0.0191416767,27.4168085748,101.6660977288,4,0,193.3618521690,369.4047385155,0.0000000000,0.0000000000,false,350.0000000000,370.0000000000,0.0054794521,1.3671232877
daily,JPM,2026-09-10,1530,svi,ok,,81,41,0.0100000000,3.0000000000,0.3076800625,0.0102378802,0.0060222824,0.0100000000,0.0044175215,4.3501194191,44.1752145677,0.0527578783,2.7846093475,13,0,0,11.4390983008,23.4828901788,0.0806439801,0.1963238352,0.0081086691,17.0118387138,29.2789801635,3,0,10.3381549947,14.7517107216,0.0102378802,0.0060222824,false,335.0000000000,365.0000000000,0.0219178082,1.3643835616
daily,JPM,2026-09-10,1530,ssvi,ok,,81,41,0.1894513082,0.7512706117,0.2905613969,0.0000000000,0.0000000000,0.0100000000,0.0000964999,0.0029724178,0.9649986707,0.0269217258,0.8464590032,13,0,0,4.9005873717,8.9871744365,0.0299781076,0.0479629593,0.0035775774,17.5556333759,67.7682119635,3,0,9.6326419262,11.2674787092,0.0000000000,0.0000000000,true,335.0000000000,365.0000000000,0.0219178082,1.3643835616
daily,JPM,2026-09-10,1530,essvi,ok,,81,41,0.1945635691,0.9424838507,0.2968438875,0.0000000000,0.0000000000,0.0100000000,0.0001092386,0.0030657320,1.0923862032,0.0323687974,1.4088931350,13,0,0,6.3098303505,12.3867415216,0.0384498137,0.0644262306,0.0047857187,9.9009066955,27.3857321498,3,0,7.8837926554,9.9881043283,0.0000000000,0.0000000000,true,335.0000000000,365.0000000000,0.0219178082,1.3643835616
daily,JPM,2026-09-10,1530,essvi_g05,ok,,81,41,0.1741262972,0.9524797157,0.2925620473,0.0000000000,0.0000000000,0.0100000000,0.0000969937,0.0062234850,0.9699368548,0.0289018758,0.7923394991,13,0,0,4.5982222689,10.7502028317,0.0289914316,0.0574533246,0.0033419895,15.9495709585,38.1280568014,3,0,8.6699970236,14.3581415966,0.0000000000,0.0000000000,true,335.0000000000,365.0000000000,0.0219178082,1.3643835616
daily,JPM,2026-09-10,1530,essvi_gfree,ok,,81,41,0.1854494633,0.8290147773,0.2921739094,0.0000000000,0.0000000000,0.0100000000,0.0001009134,0.0033328966,1.0091343848,0.0277682643,0.8301846635,13,0,0,6.8626537018,11.1974794603,0.0443652686,0.0936659124,0.0049136823,15.9123843407,33.2454753810,3,0,8.5599880699,10.6778216505,0.0000000000,0.0000000000,true,335.0000000000,365.0000000000,0.0219178082,1.3643835616
daily,JPM,2026-09-10,1530,essvi_sg05,ok,,81,41,0.0100000000,1.1528183332,0.2914331343,0.0126467931,0.0000000000,0.0100000000,0.0001501189,0.0447845368,1.5011892201,0.0393482978,1.7059020112,13,0,0,6.8042909509,15.7032576494,0.0422185286,0.1248245224,0.0048210880,41.8628435155,203.7345975581,3,0,11.5370200605,17.6970020185,0.0126467931,0.0000000000,false,335.0000000000,365.0000000000,0.0219178082,1.3643835616
daily,JPM,2026-09-11,1530,svi,ok,,81,41,0.0100000000,2.2273957994,0.3025586196,0.0045167118,0.0000000000,0.0100000000,0.0004189826,0.1031679480,4.1898257980,0.0373144212,1.8802475442,13,0,0,7.1567668158,18.1769238105,0.0562934084,0.1531045627,0.0051513446,13.1384851662,22.6230626139,3,0,14.5998444608,19.3723475361,0.0045167118,0.0000000000,true,342.5000000000,370.0000000000,0.0191780822,1.3616438356
daily,JPM,2026-09-11,1530,ssvi,ok,,81,41,0.1878541151,0.7863517372,0.2943709701,0.0000000000,0.0000000000,0.0100000000,0.0001158980,0.0041129329,1.1589804149,0.0271137696,2.5113545040,13,0,0,8.1665545633,19.2815683851,0.0669672488,0.1623818158,0.0053807391,23.1188082993,74.5163602123,3,0,14.6454186837,18.7793087497,0.0000000000,0.0000000000,true,342.5000000000,370.0000000000,0.0191780822,1.3616438356
daily,JPM,2026-09-11,1530,essvi,ok,,81,41,0.0100000000,0.9553891767,0.2956552118,0.0063233966,0.0000000000,0.0100000000,0.0001264053,0.0152622005,1.2640525125,0.0309656470,2.5791749548,13,0,0,8.9251878783,19.8658615498,0.0684382654,0.1675008236,0.0061276689,15.8870761355,39.9639933909,3,0,15.3354763947,22.6245771321,0.0063233966,0.0000000000,true,342.5000000000,370.0000000000,0.0191780822,1.3616438356
daily,JPM,2026-09-11,1530,essvi_g05,ok,,81,41,0.1459400237,0.9455981081,0.2949229617,0.0000000000,0.0000000000,0.0100000000,0.0001118872,0.0090772117,1.1188718387,0.0282840789,2.6438421912,13,0,0,9.7246745158,25.3166652833,0.0782315335,0.2136007995,0.0066334402,18.0875029262,61.8381751950,3,0,16.3019498720,19.4779863285,0.0000000000,0.0000000000,true,342.5000000000,370.0000000000,0.0191780822,1.3616438356
daily,JPM,2026-09-11,1530,essvi_gfree,ok,,81,41,0.1698010216,0.8384916651,0.2954051473,0.0000000000,0.0000000000,0.0100000000,0.0001166061,0.0048892105,1.1660611987,0.0284517979,2.6290850507,13,0,0,8.2078915743,19.9707176840,0.0679792580,0.1684257915,0.0054264137,18.3661049509,51.1157434719,3,0,16.7433985506,22.5057788705,0.0000000000,0.0000000000,true,342.5000000000,370.0000000000,0.0191780822,1.3616438356
daily,JPM,2026-09-11,1530,essvi_sg05,ok,,81,41,0.1119815260,1.1394286787,0.2969693882,0.0000000000,0.0000000000,0.0100000000,0.0001378323,0.0105514930,1.3783228067,0.0343455176,1.3796926166,13,0,0,16.8180160028,31.2027223548,0.1255226320,0.2629614051,0.0114187598,59.5060018007,385.9916885677,3,0,20.7982764338,24.4216824786,0.0000000000,0.0000000000,false,342.5000000000,370.0000000000,0.0191780822,1.3616438356
daily,XOM,2026-08-14,1530,svi,ok,,81,41,0.0100000000,3.0000000000,0.3223602155,0.0168623908,0.0015055706,0.0100000000,0.0024131864,2.2844047775,24.1318643843,0.0475107182,2.6831137123,13,0,0,12.3955448031,23.8011715733,0.0424129431,0.0877270068,0.0071451327,14.6357174944,27.7618974938,6,0,23.1073925255,48.6055815976,0.0168623908,0.0015055706,false,152.5000000000,170.0000000000,0.0191780822,1.4383561644
daily,XOM,2026-08-14,1530,ssvi,ok,,81,41,0.2383465779,0.6156202992,0.3121754567,0.0000000000,0.0000000000,0.0100000000,0.0000779789,0.0018503331,0.7797892361,0.0205876506,1.0863804876,13,0,0,9.4482982242,32.6800954662,0.0181521299,0.0543673447,0.0061670453,30.3149539172,85.3594164721,6,0,7.0056103898,21.0493791514,0.0000000000,0.0000000000,true,152.5000000000,170.0000000000,0.0191780822,1.4383561644
daily,XOM,2026-08-14,1530,essvi,ok,,81,41,0.2331710027,0.9915568574,0.3168107598,0.0000000000,0.0000000000,0.0100000000,0.0000977158,0.0092526116,0.9771576101,0.0267619338,0.9724870899,13,0,0,7.1510098193,17.0085235267,0.0181097821,0.0327521691,0.0044550180,17.5000654376,44.5562826484,5,0,10.3363490899,26.2727076673,0.0000000000,0.0000000000,true,152.5000000000,170.0000000000,0.0191780822,1.4383561644
daily,XOM,2026-08-14,1530,essvi_g05,ok,,81,41,0.2442463691,0.8842462364,0.3147574495,0.0000000000,0.0000000000,0.0100000000,0.0000860431,0.0056358542,0.8604310388,0.0278615149,2.6485219454,13,0,0,4.5124847287,15.8347913555,0.0138059500,0.0464334485,0.0029468021,18.1299903201,59.0282376814,5,0,8.1976512695,18.9485373909,0.0000000000,0.0000000000,true,152.5000000000,170.0000000000,0.0191780822,1.4383561644
daily,XOM,2026-08-14,1530,essvi_gfree,ok,,81,41,0.2478552705,0.8348893733,0.3144297797,0.0000000000,0.0000000000,0.0100000000,0.0000874303,0.0044778014,0.8743033250,0.0274858681,2.2707296090,13,0,0,4.2835826169,14.3944474248,0.0135553219,0.0526082504,0.0028009398,17.3294076218,58.7674894346,5,0,6.0642499842,15.4088255766,0.0000000000,0.0000000000,true,152.5000000000,170.0000000000,0.0191780822,1.4383561644
daily,XOM,2026-08-14,1530,essvi_sg05,ok,,81,41,0.2376838646,0.8725345867,0.3154056838,0.0000000000,0.0000000000,0.0100000000,0.0000867999,0.0058626787,0.8679985370,0.0276003646,1.2727837798,13,0,0,10.5599924969,29.9350242568,0.0240952515,0.0452059403,0.0067310162,32.2845225179,88.7461358992,5,0,8.7126262228,17.7776370122,0.0000000000,0.0000000000,true,152.5000000000,170.0000000000,0.0191780822,1.4383561644
daily,XOM,2026-08-17,1530,svi,ok,,81,41,0.0100000000,3.0000000000,0.3477590178,0.0307136405,0.0150557061,0.0100000000,0.0021788066,1.6359124599,21.7880658940,0.0832172868,2.7245900944,15,0,0,82.7158433696,230.9888690488,0.1997495017,0.5669387348,0.0552952581,85.8772430885,235.7310125898,5,0,118.4848477529,225.1854013143,0.0307136405,0.0150557061,false,155.0000000000,172.5000000000,0.0109589041,1.4301369863
daily,XOM,2026-08-17,1530,ssvi,ok,,81,41,0.2254662572,0.7341995905,0.3098573207,0.0000000000,0.0000000000,0.0100000000,0.0000750493,0.0017399994,0.7504925568,0.0258671253,2.3343521570,15,0,0,37.5308514716,77.4294377276,0.0757276288,0.1417427202,0.0277621179,55.0542938370,198.7978751973,5,0,74.3970490339,141.6735879537,0.0000000000,0.0000000000,false,155.0000000000,172.5000000000,0.0109589041,1.4301369863
daily,XOM,2026-08-17,1530,essvi,ok,,81,41,0.1637583751,0.7948737330,0.3145899801,0.0000000000,0.0000000000,0.0100000000,0.0000833802,0.0028203551,0.8338017369,0.0281549342,2.6960472854,15,0,0,33.1592672845,74.4091574115,0.0623105321,0.1346738946,0.0246558864,41.5093729087,98.3986214514,5,0,66.1653658082,128.4819861692,0.0000000000,0.0000000000,false,155.0000000000,172.5000000000,0.0109589041,1.4301369863
daily,XOM,2026-08-17,1530,essvi_g05,ok,,81,41,0.2582004536,1.1368591632,0.3198008791,0.0000000000,0.0000000000,0.0100000000,0.0000922491,0.0077987433,0.9224908508,0.0321334119,1.8607871430,15,0,0,50.0601061477,108.2247357603,0.0963983906,0.1991633072,0.0367969346,66.1503814189,128.5908666799,5,0,111.1880589256,221.1505267337,0.0000000000,0.0000000000,false,155.0000000000,172.5000000000,0.0109589041,1.4301369863
daily,XOM,2026-08-17,1530,essvi_gfree,ok,,81,41,0.2561331096,1.1590235563,0.3197883010,0.0000000000,0.0000000000,0.0100000000,0.0000914249,0.0085079309,0.9142493228,0.0323558818,2.6275156027,15,0,0,49.6571639308,107.3990784387,0.0958147125,0.1970107382,0.0364958582,65.1190817763,126.6737615707,5,0,111.3173760611,223.1420117486,0.0000000000,0.0000000000,false,155.0000000000,172.5000000000,0.0109589041,1.4301369863
daily,XOM,2026-08-17,1530,essvi_sg05,ok,,81,41,0.2308936056,1.1223394507,0.3180084354,0.0000000000,0.0000000000,0.0100000000,0.0000896370,0.0076243698,0.8963702857,0.0318164205,2.6249106158,15,0,0,44.4789735313,93.6556696168,0.0888589302,0.1736004437,0.0323667524,45.9006877300,110.9779464335,5,0,97.7965499815,197.7808368325,0.0000000000,0.0000000000,false,155.0000000000,172.5000000000,0.0109589041,1.4301369863
daily,XOM,2026-08-18,1530,svi,ok,,81,41,0.0100000000,3.0000000000,0.3315283266,0.0292080699,0.0114423366,0.0100000000,0.0027633699,2.9971799346,27.6336994228,0.0543365839,2.7431270140,15,0,0,68.7149996957,463.0332938214,0.1109993641,0.3853220722,0.0560087127,70.3931649580,455.3604616994,4,0,283.4694650578,538.9420979133,0.0292080699,0.0114423366,false,157.5000000000,170.0000000000,0.0082191781,1.4273972603
daily,XOM,2026-08-18,1530,ssvi,ok,,81,41,0.2517307785,0.6705497946,0.3091948834,0.0000000000,0.0000000000,0.0100000000,0.0000758058,0.0010030151,0.7580575774,0.0193405452,1.4920567634,15,0,0,27.7542879088,60.0174101173,0.0562496798,0.1134030485,0.0208907253,40.1035413834,151.6783411734,4,0,218.7096446402,417.3419299196,0.0000000000,0.0000000000,false,157.5000000000,170.0000000000,0.0082191781,1.4273972603
daily,XOM,2026-08-18,1530,essvi,ok,,81,41,0.0100000000,1.2643647465,0.3150567438,0.0054200542,0.0000000000,0.0100000000,0.0001749486,0.0465996484,1.7494855868,0.0327421631,2.5737323782,15,0,0,37.6078110327,83.4877082707,0.0759420695,0.1478476156,0.0278535912,34.5618508100,89.6163418154,4,0,267.1045250415,521.9102905971,0.0054200542,0.0000000000,false,157.5000000000,170.0000000000,0.0082191781,1.4273972603
daily,XOM,2026-08-18,1530,essvi_g05,ok,,81,41,0.2442609188,1.1833124443,0.3180800607,0.0000000000,0.0000000000,0.0100000000,0.0000867653,0.0087183098,0.8676525170,0.0297303460,1.5761234710,15,0,0,30.5750421686,78.9530066379,0.0528582768,0.1469336293,0.0237211261,40.2277422854,92.8372656927,4,0,263.4681584459,509.5367823226,0.0000000000,0.0000000000,false,157.5000000000,170.0000000000,0.0082191781,1.4273972603
daily,XOM,2026-08-18,1530,essvi_gfree,ok,,81,41,0.2424244834,1.0951035888,0.3170252650,0.0000000000,0.0000000000,0.0100000000,0.0000865356,0.0061208519,0.8653558551,0.0277867943,1.7806598835,15,0,0,30.0007293261,76.3601290078,0.0530760935,0.1408001230,0.0231306911,38.4273908134,86.7493457907,4,0,252.8812759561,490.0661344816,0.0000000000,0.0000000000,false,157.5000000000,170.0000000000,0.0082191781,1.4273972603
daily,XOM,2026-08-18,1530,essvi_sg05,ok,,81,41,0.2316254947,1.2427926484,0.3191085325,0.0000000000,0.0000000000,0.0100000000,0.0001004660,0.0109507020,1.0046600265,0.0327601434,1.3480920673,15,0,0,29.3546764741,80.7617870938,0.0493181986,0.1467382825,0.0226515571,27.5276342990,76.4565302755,4,0,267.3372870351,511.6872891407,0.0000000000,0.0000000000,false,157.5000000000,170.0000000000,0.0082191781,1.4273972603
daily,XOM,2026-08-19,1530,svi,ok,,81,41,0.0100000000,3.0000000000,0.4045286923,0.0307136405,0.0286058416,0.0100000000,0.0024369404,1.5397563212,24.3694043243,0.1433008266,2.7371589127,15,0,0,261.7780165634,1104.4086920145,0.6746069400,1.4970190611,0.2468746196,257.9803393772,1099.1217374164,5,0,306.5312123717,528.3587729468,0.0307136405,0.0286058416,false,157.5000000000,172.5000000000,0.0054794521,1.4246575342
daily,XOM,2026-08-19,1530,ssvi,ok,,81,41,0.2406247223,0.8491351082,0.3143873566,0.0000000000,0.0000000000,0.0100000000,0.0000937863,0.0034820307,0.9378625344,0.0282048132,1.1780028018,15,0,0,20.2833518950,38.2301524168,0.0459670074,0.0766533130,0.0154327211,27.0622136579,89.8477978049,5,0,208.5308168816,367.9739295612,0.0000000000,0.0000000000,false,157.5000000000,172.5000000000,0.0054794521,1.4246575342
daily,XOM,2026-08-19,1530,essvi,ok,,81,41,0.0100000000,1.4886455480,0.3290321305,0.0006022282,0.0000000000,0.0100000000,0.0001620474,0.0237936383,1.6204738595,0.0415185475,2.6314306736,15,0,0,28.2823514617,65.6272118493,0.0598278254,0.0930730682,0.0220198941,26.7152265715,64.1065128143,5,0,287.5872613384,551.5365462463,0.0006022282,0.0000000000,false,157.5000000000,172.5000000000,0.0054794521,1.4246575342
daily,XOM,2026-08-19,1530,essvi_g05,ok,,81,41,0.2159704483,1.4409915756,0.3244415667,0.0000000000,0.0000000000,0.0100000000,0.0001143022,0.0173730338,1.1430223949,0.0374179899,1.2659114916,15,0,0,29.0553406846,67.1862138304,0.0595116061,0.1042389178,0.0226876862,36.4278440021,95.0020852630,5,0,302.4331742725,573.1540650512,0.0000000000,0.0000000000,false,157.5000000000,172.5000000000,0.0054794521,1.4246575342
daily,XOM,2026-08-19,1530,essvi_gfree,ok,,81,41,0.2235785015,1.3752728573,0.3239241378,0.0000000000,0.0000000000,0.0100000000,0.0001135841,0.0138886666,1.1358409545,0.0366670643,1.0454589535,15,0,0,28.4760087957,66.3911659527,0.0582952844,0.1025558868,0.0222556356,36.1655411835,88.2014748165,4,0,263.6579929933,565.1716107675,0.0000000000,0.0000000000,false,157.5000000000,172.5000000000,0.0054794521,1.4246575342
daily,XOM,2026-08-19,1530,essvi_sg05,ok,,81,41,0.2329910635,1.4907248599,0.3252477653,0.0000000000,0.0000000000,0.0100000000,0.0001259856,0.0204800897,1.2598562299,0.0414012700,2.5993905902,15,0,0,29.3926634679,67.1021896402,0.0625991605,0.0988513000,0.0220359299,25.5823629840,52.1284606008,5,0,285.2819663945,544.5938648767,0.0000000000,0.0000000000,false,157.5000000000,172.5000000000,0.0054794521,1.4246575342
daily,XOM,2026-08-20,1530,svi,ok,,81,41,0.0100000000,3.0000000000,0.3471524104,0.0436615477,0.0189701897,0.0100000000,0.0034504097,2.9711540934,34.5040969947,0.1360645505,2.9900000000,15,0,0,2569.1604626129,36353.1875923919,4.8144838427,64.9937233795,0.1502573051,189.6107828725,642.8740694068,4,0,56.0705042072,128.1633718268,0.0436615477,0.0189701897,false,157.5000000000,175.0000000000,0.0219178082,1.4219178082
daily,XOM,2026-08-20,1530,ssvi,ok,,81,41,0.2389294914,0.6450641412,0.3086260153,0.0000000000,0.0000000000,0.0100000000,0.0000821097,0.0017423276,0.8210974023,0.0217214936,1.1251814675,15,0,0,7.1465606455,15.0396536539,0.0205446227,0.0426675420,0.0047071578,23.5174542488,75.0163062845,4,0,5.9084828059,11.8696410246,0.0000000000,0.0000000000,true,157.5000000000,175.0000000000,0.0219178082,1.4219178082
daily,XOM,2026-08-20,1530,essvi,ok,,81,41,0.0100000000,0.9243756577,0.3017113186,0.0177657332,0.0000000000,0.0100000000,0.0002838291,0.0695714177,2.8382910142,0.0271293092,1.6136811191,15,0,0,7.0138169458,20.2896283289,0.0141465215,0.0253284941,0.0056729719,13.1102676677,35.9912276948,4,0,11.4170306602,28.2914212046,0.0177657332,0.0000000000,false,157.5000000000,175.0000000000,0.0219178082,1.4219178082
daily,XOM,2026-08-20,1530,essvi_g05,ok,,81,41,0.1874809801,0.9022815962,0.3086582829,0.0000000000,0.0000000000,0.0100000000,0.0000795249,0.0045929607,0.7952486161,0.0269805600,2.6347349352,15,0,0,12.2476970972,23.5952106262,0.0409455460,0.1114733716,0.0077001433,26.1701275220,60.1153660417,4,0,16.1941986756,27.2005431293,0.0000000000,0.0000000000,true,157.5000000000,175.0000000000,0.0219178082,1.4219178082
daily,XOM,2026-08-20,1530,essvi_gfree,ok,,81,41,0.1762167462,0.7613941045,0.3062528006,0.0000000000,0.0000000000,0.0100000000,0.0000804984,0.0022689319,0.8049842342,0.0242931873,1.6600286274,15,0,0,6.7500600764,14.3608449928,0.0196489296,0.0580018603,0.0046215803,16.4873220988,42.6170252843,3,0,6.4144801752,13.5111835910,0.0000000000,0.0000000000,true,157.5000000000,175.0000000000,0.0219178082,1.4219178082
daily,XOM,2026-08-20,1530,essvi_sg05,ok,,81,41,0.0100000000,0.9392464436,0.3110724462,0.0021077989,0.0000000000,0.0100000000,0.0000975816,0.0165675422,0.9758159555,0.0307458322,2.6645206861,15,0,0,11.7055477813,20.5844372926,0.0351152049,0.0969445425,0.0075741924,21.3602478325,62.8913371726,4,0,15.4769592338,26.6965422269,0.0021077989,0.0000000000,true,157.5000000000,175.0000000000,0.0219178082,1.4219178082
daily,XOM,2026-08-21,1530,svi,ok,,81,41,0.0100000000,3.0000000000,0.3585897645,0.0258958145,0.0171635050,0.0100000000,0.0034163159,2.9900000000,34.1631591266,0.0683333316,2.7551768112,15,0,0,20.0814555824,179.7040081124,0.0348779476,0.1435300538,0.0181831659,21.7663484200,181.8931123815,3,0,7.7557686917,9.9164350938,0.0258958145,0.0171635050,false,157.5000000000,172.5000000000,0.0191780822,1.4191780822
daily,XOM,2026-08-21,1530,ssvi,ok,,81,41,0.2268539787,0.5997617946,0.3089202586,0.0000000000,0.0000000000,0.0100000000,0.0000853725,0.0012882327,0.8537253695,0.0250683134,1.3345253133,15,0,0,7.3577068948,17.3501652108,0.0164581550,0.0354951109,0.0055174385,17.4987899573,59.6538869150,3,0,7.2562886723,14.1651108810,0.0000000000,0.0000000000,true,157.5000000000,172.5000000000,0.0191780822,1.4191780822
daily,XOM,2026-08-21,1530,essvi,ok,,81,41,0.0100000000,0.9867801695,0.3037768401,0.0111412225,0.0000000000,0.0100000000,0.0001807619,0.0722009170,1.8076193926,0.0332124372,2.1407991182,15,0,0,5.5415131013,17.7958704728,0.0142798579,0.0382069311,0.0043222705,12.2622676694,30.9319349681,3,0,6.2510129333,10.2262060906,0.0111412225,0.0000000000,false,157.5000000000,172.5000000000,0.0191780822,1.4191780822
daily,XOM,2026-08-21,1530,essvi_g05,ok,,81,41,0.1692683673,0.9540740763,0.3145994864,0.0000000000,0.0000000000,0.0100000000,0.0000865545,0.0058107391,0.8655447101,0.0329126999,2.4381605878,15,0,0,7.9513699786,20.1265145423,0.0198760309,0.0555905215,0.0060106673,19.3987179203,31.7894781703,3,0,7.6005660144,11.8720703248,0.0000000000,0.0000000000,true,157.5000000000,172.5000000000,0.0191780822,1.4191780822
daily,XOM,2026-08-21,1530,essvi_gfree,ok,,81,41,0.1842509629,0.9165789199,0.3144760510,0.0000000000,0.0000000000,0.0100000000,0.0000881989,0.0047890520,0.8819887149,0.0325498737,1.6710693875,15,0,0,8.6946901937,20.4454144836,0.0213287857,0.0507225133,0.0065010942,19.6747333804,33.7473364433,3,0,7.5732330884,10.6545212372,0.0000000000,0.0000000000,true,157.5000000000,172.5000000000,0.0191780822,1.4191780822
daily,XOM,2026-08-21,1530,essvi_sg05,ok,,81,41,0.1344542140,1.0082975482,0.3161874161,0.0000000000,0.0000000000,0.0100000000,0.0001038253,0.0077051973,1.0382525010,0.0375109305,1.0888634586,15,0,0,7.3901826818,18.1015518827,0.0267584606,0.0802984271,0.0045783515,23.7975880621,63.3736738070,3,0,11.2936400598,12.4763680656,0.0000000000,0.0000000000,true,157.5000000000,172.5000000000,0.0191780822,1.4191780822
daily,XOM,2026-08-24,1538,svi,ok,,81,41,0.0100000000,3.0000000000,0.3837562131,0.0316169828,0.0292080699,0.0100000000,0.0034322904,2.1887165921,34.3229042073,0.1117741854,2.7686840944,13,0,0,145.7407029528,392.2388889691,0.3998116761,0.7747255952,0.1002896197,145.1232979619,384.1182901170,3,0,121.9380375548,186.0554869214,0.0316169828,0.0292080699,false,157.5000000000,170.0000000000,0.0109589041,1.4109589041
daily,XOM,2026-08-24,1538,ssvi,ok,,81,41,0.2350160065,0.8738625569,0.3168991420,0.0000000000,0.0000000000,0.0100000000,0.0000959475,0.0045050934,0.9594753854,0.0305217262,2.6987509560,13,0,0,21.5818199604,55.5356803887,0.0514388941,0.1064973560,0.0132585423,20.5469499136,55.2558536227,3,0,57.2562562429,117.8357441877,0.0000000000,0.0000000000,false,157.5000000000,170.0000000000,0.0109589041,1.4109589041
daily,XOM,2026-08-24,1538,essvi,ok,,81,41,0.0100000000,1.1347044008,0.3163578554,0.0003011141,0.0000000000,0.0100000000,0.0001195106,0.0098592381,1.1951056311,0.0324840975,1.4203947172,13,0,0,22.9591644025,60.7238793999,0.0480281424,0.1135479559,0.0152852918,24.2711841152,81.1186176882,3,0,58.4714189218,125.5261574843,0.0003011141,0.0000000000,false,157.5000000000,170.0000000000,0.0109589041,1.4109589041
daily,XOM,2026-08-24,1538,essvi_g05,ok,,81,41,0.2122756773,1.2230555635,0.3199317154,0.0000000000,0.0000000000,0.0100000000,0.0001029196,0.0097928545,1.0291958277,0.0369039913,2.3692987850,13,0,0,22.1787192759,62.6861362689,0.0465404133,0.1197867634,0.0147245050,40.0092807980,77.2320913337,3,0,62.1860984739,134.0990969754,0.0000000000,0.0000000000,false,157.5000000000,170.0000000000,0.0109589041,1.4109589041
daily,XOM,2026-08-24,1538,essvi_gfree,ok,,81,41,0.2133301387,1.0719655769,0.3178011345,0.0000000000,0.0000000000,0.0100000000,0.0001008680,0.0054741165,1.0086799462,0.0332216102,1.7976964679,13,0,0,24.8481319893,65.3725885140,0.0533166891,0.1228053561,0.0165831102,39.0227353724,95.4839703568,3,0,61.2377957871,130.7698865115,0.0000000000,0.0000000000,false,157.5000000000,170.0000000000,0.0109589041,1.4109589041
daily,XOM,2026-08-24,1538,essvi_sg05,ok,,81,41,0.2327973412,1.2609863575,0.3220788263,0.0000000000,0.0000000000,0.0100000000,0.0001100360,0.0106842652,1.1003598684,0.0358737083,0.9515867395,13,0,0,25.2617650804,66.4203141581,0.0569573576,0.1269234903,0.0163894387,29.7905463798,76.0241570260,3,0,68.8630878443,143.1728703376,0.0000000000,0.0000000000,false,157.5000000000,170.0000000000,0.0109589041,1.4109589041
daily,XOM,2026-08-25,1530,svi,ok,,81,41,0.0100000000,3.0000000000,0.3250614050,0.0234869015,0.0081300813,0.0100000000,0.0012459708,1.0623689036,12.4597083010,0.0442268513,1.2175605226,15,0,0,69.0988167779,358.5048924517,0.1887089436,0.8255112394,0.0431033531,71.1607322152,353.2142587102,4,0,190.1920593279,410.2031970313,0.0234869015,0.0081300813,false,155.0000000000,167.5000000000,0.0082191781,1.4082191781
daily,XOM,2026-08-25,1530,ssvi,ok,,81,41,0.2349066709,0.8511950746,0.3144853115,0.0000000000,0.0000000000,0.0100000000,0.0000921117,0.0034161828,0.9211170558,0.0280996475,2.3615888969,15,0,0,17.7219579906,37.7523188902,0.0352536090,0.0636440479,0.0132769424,23.4544088201,115.2302781311,4,0,145.1582547804,295.8703292615,0.0000000000,0.0000000000,false,155.0000000000,167.5000000000,0.0082191781,1.4082191781
daily,XOM,2026-08-25,1530,essvi,ok,,81,41,0.0100000000,1.2170433845,0.3094332231,0.0126467931,0.0000000000,0.0100000000,0.0001941829,0.0676695630,1.9418294332,0.0329664954,1.2025662772,15,0,0,18.8858732536,38.4674261813,0.0369211592,0.0724712223,0.0142143150,24.3236304814,65.6445261999,4,0,176.2085014987,400.0601817592,0.0126467931,0.0000000000,false,155.0000000000,167.5000000000,0.0082191781,1.4082191781
daily,XOM,2026-08-25,1530,essvi_g05,ok,,81,41,0.2249767380,1.3117833959,0.3180618844,0.0000000000,0.0000000000,0.0100000000,0.0000980693,0.0112012866,0.9806931945,0.0322642659,0.9925473545,15,0,0,22.4912571338,46.5981266922,0.0449225431,0.0816852672,0.0168164243,35.0151670371,146.2136671887,4,0,192.5718136679,421.6256372154,0.0000000000,0.0000000000,false,155.0000000000,167.5000000000,0.0082191781,1.4082191781
daily,XOM,2026-08-25,1530,essvi_gfree,ok,,81,41,0.2030410695,1.0835654513,0.3143148025,0.0000000000,0.0000000000,0.0100000000,0.0000951362,0.0044933493,0.9513622867,0.0286609965,1.0296280617,15,0,0,20.9657602708,47.5962895283,0.0405798061,0.0772787932,0.0160696451,27.9048831138,123.2997233928,4,0,186.9453528904,404.1809733666,0.0000000000,0.0000000000,false,155.0000000000,167.5000000000,0.0082191781,1.4082191781
daily,XOM,2026-08-25,1530,essvi_sg05,ok,,81,41,0.2335968466,1.3756484617,0.3215159986,0.0000000000,0.0000000000,0.0100000000,0.0001133766,0.0135744448,1.1337658891,0.0367880860,1.4101277082,15,0,0,24.2782249040,60.5903363700,0.0510360273,0.0780327498,0.0172420007,38.5763594455,169.1146030493,4,0,188.1195195734,407.8878798893,0.0000000000,0.0000000000,false,155.0000000000,167.5000000000,0.0082191781,1.4082191781
daily,XOM,2026-08-26,1530,svi,ok,,81,41,0.0100000000,3.0000000000,0.3173683842,0.0177657332,0.0000000000,0.0100000000,0.0011705560,0.4761888153,11.7055604220,0.0490396271,2.7514933111,12,0,0,6.5878555982,23.6578109121,0.0268318774,0.1030410162,0.0036337893,17.2928673380,35.5151572301,3,0,10.6488869118,16.3638618553,0.0177657332,0.0000000000,false,152.5000000000,162.5000000000,0.0246575342,1.4054794521
daily,XOM,2026-08-26,1530,ssvi,ok,,81,41,0.2239992717,0.6157014929,0.3084933685,0.0000000000,0.0000000000,0.0100000000,0.0001024873,0.0010198610,1.0248728798,0.0283413547,2.7529489781,12,0,0,2.5353510899,10.2316342693,0.0098148029,0.0446677944,0.0014431588,18.1814606697,56.5777337979,3,0,11.4719948954,18.0603456398,0.0000000000,0.0000000000,true,152.5000000000,162.5000000000,0.0246575342,1.4054794521
daily,XOM,2026-08-26,1530,essvi,ok,,81,41,0.0100000000,0.9469615362,0.3097052649,0.0057211683,0.0000000000,0.0100000000,0.0001488743,0.0351218085,1.4887431234,0.0339732349,1.2827113838,12,0,0,5.4322223445,17.1984986935,0.0223385642,0.0750322700,0.0029534917,17.3705544316,42.0320427543,3,0,12.6688228956,23.1635336474,0.0057211683,0.0000000000,true,152.5000000000,162.5000000000,0.0246575342,1.4054794521
daily,XOM,2026-08-26,1530,essvi_g05,ok,,81,41,0.2327878985,1.0356669950,0.3132300163,0.0000000000,0.0000000000,0.0100000000,0.0001018744,0.0055244873,1.0187440960,0.0334643182,1.8262206335,12,0,0,8.7470231653,14.1413937507,0.0265112088,0.0476532874,0.0049854791,19.7860532800,39.6660822829,3,0,19.3502741126,27.2988153917,0.0000000000,0.0000000000,true,152.5000000000,162.5000000000,0.0246575342,1.4054794521
daily,XOM,2026-08-26,1530,essvi_gfree,ok,,81,41,0.2352092236,0.8666015248,0.3116260329,0.0000000000,0.0000000000,0.0100000000,0.0001068042,0.0022248156,1.0680424651,0.0324893085,2.7101408927,12,0,0,5.5890699452,12.7725236555,0.0202358219,0.0557130550,0.0030599196,18.8819990637,34.0241668664,3,0,14.3770835485,24.2168500891,0.0000000000,0.0000000000,true,152.5000000000,162.5000000000,0.0246575342,1.4054794521
daily,XOM,2026-08-26,1530,essvi_sg05,ok,,81,41,0.0100000000,1.2105777194,0.3107222825,0.0063233966,0.0000000000,0.0100000000,0.0001409778,0.0240714200,1.4097777869,0.0412479316,2.2031987873,12,0,0,11.2862203068,28.0467048487,0.0446707280,0.1223706499,0.0058640539,34.3385293125,97.2379394470,3,0,19.5565211637,30.6478404339,0.0063233966,0.0000000000,true,152.5000000000,162.5000000000,0.0246575342,1.4054794521
daily,XOM,2026-08-27,1530,svi,ok,,81,41,0.0100000000,3.0000000000,0.3353761789,0.0171635050,0.0093345378,0.0100000000,0.0024524210,3.0600272971,24.5242096235,0.0608080277,2.7134303422,13,0,0,7.4254931245,20.3624476207,0.0203395467,0.0492622906,0.0045623927,8.9405633148,24.5936457904,3,0,3.1911996032,3.9128499375,0.0171635050,0.0093345378,false,155.0000000000,165.0000000000,0.0219178082,1.4027397260
daily,XOM,2026-08-27,1530,ssvi,ok,,81,41,0.2328521037,0.7357792957,0.3127183762,0.0000000000,0.0000000000,0.0100000000,0.0000960293,0.0035312680,0.9602930304,0.0314086729,1.9190158823,13,0,0,4.2245298716,10.2383148367,0.0131110880,0.0247960400,0.0024894246,23.1649662006,70.7437618464,3,0,6.4511821708,9.9187376066,0.0000000000,0.0000000000,true,155.0000000000,165.0000000000,0.0219178082,1.4027397260
daily,XOM,2026-08-27,1530,essvi,ok,,81,41,0.2297989607,0.7731968036,0.3148141667,0.0000000000,0.0000000000,0.0100000000,0.0001071599,0.0024134691,1.0715991416,0.0334771620,1.8088340577,13,0,0,2.5171677626,7.4018981949,0.0072209769,0.0166527838,0.0016333904,12.0818464114,31.1909720030,3,0,4.2687479354,7.2550821704,0.0000000000,0.0000000000,true,155.0000000000,165.0000000000,0.0219178082,1.4027397260
daily,XOM,2026-08-27,1530,essvi_g05,ok,,81,41,0.2462820407,1.0062507361,0.3146249925,0.0000000000,0.0000000000,0.0100000000,0.0001005450,0.0061401333,1.0054501165,0.0338950851,2.1189247058,13,0,0,5.9363319005,10.7601559769,0.0179984213,0.0304731372,0.0034599417,18.4770841922,49.2556618756,3,0,6.6923064460,9.9709406566,0.0000000000,0.0000000000,true,155.0000000000,165.0000000000,0.0219178082,1.4027397260
daily,XOM,2026-08-27,1530,essvi_gfree,ok,,81,41,0.2482419383,0.8770985457,0.3132111931,0.0000000000,0.0000000000,0.0100000000,0.0000999108,0.0038675691,0.9991078581,0.0331965603,2.6824702081,13,0,0,3.7339179028,6.8448094427,0.0119414372,0.0221083056,0.0021259190,15.9418987280,37.9715432725,3,0,5.9903558600,9.4038304750,0.0000000000,0.0000000000,true,155.0000000000,165.0000000000,0.0219178082,1.4027397260
daily,XOM,2026-08-27,1530,essvi_sg05,ok,,81,41,0.2289727875,1.0343638731,0.3141531828,0.0000000000,0.0000000000,0.0100000000,0.0001022896,0.0062927341,1.0228962221,0.0351884550,2.6225039401,13,0,0,6.4589213188,18.6561930538,0.0192969388,0.0453511131,0.0038426218,27.0489888583,96.6371433133,3,0,6.6415739217,9.1083211940,0.0000000000,0.0000000000,true,155.0000000000,165.0000000000,0.0219178082,1.4027397260
daily,XOM,2026-08-31,1530,svi,ok,,81,41,0.0100000000,3.0000000000,0.3386653611,0.0069256248,0.0048178260,0.0100000000,0.0020249657,2.7547883707,20.2496572961,0.0611298671,2.7308039569,13,0,0,37.1946900616,81.4589596710,0.0904157224,0.1459098999,0.0217480027,38.4364789235,106.3876497247,5,0,90.6342647002,196.3536454442,0.0069256248,0.0048178260,false,155.0000000000,170.0000000000,0.0109589041,1.3917808219
daily,XOM,2026-08-31,1530,ssvi,ok,,81,41,0.2101470674,0.8005049986,0.3058414765,0.0000000000,0.0000000000,0.0100000000,0.0000945119,0.0028826090,0.9451194628,0.0287394502,1.7175725249,13,0,0,27.5305171050,60.2989853946,0.0656044881,0.1107488131,0.0159795312,33.5766535582,66.5395081157,5,0,65.0258892747,122.7948342642,0.0000000000,0.0000000000,false,155.0000000000,170.0000000000,0.0109589041,1.3917808219
daily,XOM,2026-08-31,1530,essvi,ok,,81,41,0.2099542854,1.1834475593,0.3181514260,0.0000000000,0.0000000000,0.0100000000,0.0001238034,0.0100549446,1.2380338224,0.0409594130,2.6477045303,13,0,0,33.6427365520,78.8551892329,0.0768701646,0.1412737754,0.0197702534,32.1578085859,75.1111101494,5,0,87.0520263260,186.8762028889,0.0000000000,0.0000000000,false,155.0000000000,170.0000000000,0.0109589041,1.3917808219
daily,XOM,2026-08-31,1530,essvi_g05,ok,,81,41,0.2367922109,1.1749399975,0.3141614218,0.0000000000,0.0000000000,0.0100000000,0.0001043508,0.0099161236,1.0435080410,0.0340887694,1.0286013419,13,0,0,42.5504167366,91.0667135390,0.1043327474,0.1622059353,0.0249353402,50.4650767232,140.4443365076,5,0,96.8060968085,201.9232156263,0.0000000000,0.0000000000,false,155.0000000000,170.0000000000,0.0109589041,1.3917808219
daily,XOM,2026-08-31,1530,essvi_gfree,ok,,81,41,0.2366066284,1.1378023983,0.3141910768,0.0000000000,0.0000000000,0.0100000000,0.0001055148,0.0086357639,1.0551484816,0.0354154133,1.9464917723,13,0,0,42.2184527284,92.2382595490,0.1015526290,0.1648159728,0.0248146145,51.3049446995,140.3224066946,5,0,96.4752180816,198.5637816664,0.0000000000,0.0000000000,false,155.0000000000,170.0000000000,0.0109589041,1.3917808219
daily,XOM,2026-08-31,1530,essvi_sg05,ok,,81,41,0.2005979533,1.2187684799,0.3129136542,0.0000000000,0.0000000000,0.0100000000,0.0001116825,0.0112100581,1.1168247760,0.0380730893,2.7101063018,13,0,0,36.0182227106,83.9264832822,0.0845871165,0.1465894734,0.0208132203,29.6663487770,77.9372446888,5,0,93.5038208467,201.3642926110,0.0000000000,0.0000000000,false,155.0000000000,170.0000000000,0.0109589041,1.3917808219
daily,XOM,2026-09-01,1530,svi,ok,,81,41,0.0100000000,3.0000000000,0.3332666130,0.0171635050,0.0045167118,0.0100000000,0.0017291724,1.9615527596,17.2917238982,0.0565100313,2.7086859602,13,0,0,29.9446077145,89.6446718708,0.0570302414,0.1705853709,0.0190363151,35.9210095642,114.4958552356,5,0,370.4650592591,651.4122302208,0.0171635050,0.0045167118,false,155.0000000000,172.5000000000,0.0082191781,1.3890410959
daily,XOM,2026-09-01,1530,ssvi,ok,,81,41,0.2512956995,0.8638846550,0.3152663507,0.0000000000,0.0000000000,0.0100000000,0.0000878388,0.0032881363,0.8783875148,0.0270516694,2.6579327793,13,0,0,29.9671116608,80.3024378307,0.0627896938,0.1492748404,0.0183567238,21.6750375360,78.1582291190,5,0,311.6911473571,548.2930577121,0.0000000000,0.0000000000,false,155.0000000000,172.5000000000,0.0082191781,1.3890410959
daily,XOM,2026-09-01,1530,essvi,ok,,81,41,0.0100000000,1.3266522247,0.3103097368,0.0129479073,0.0000000000,0.0100000000,0.0002116133,0.0622813416,2.1161326836,0.0347233845,0.9954658142,13,0,0,34.4348865046,95.5956112553,0.0687086607,0.1794652927,0.0214904307,30.0651930087,93.9650815333,5,0,375.9219333674,661.9744274330,0.0129479073,0.0000000000,false,155.0000000000,172.5000000000,0.0082191781,1.3890410959
daily,XOM,2026-09-01,1530,essvi_g05,ok,,81,41,0.2450563766,1.2985157776,0.3199678566,0.0000000000,0.0000000000,0.0100000000,0.0001053685,0.0114259288,1.0536853047,0.0349275071,2.6068736185,13,0,0,36.8553258831,94.3662854470,0.0817397339,0.1740949776,0.0226587205,49.5500381629,132.4491895039,5,0,378.8255872950,661.6155134295,0.0000000000,0.0000000000,false,155.0000000000,172.5000000000,0.0082191781,1.3890410959
daily,XOM,2026-09-01,1530,essvi_gfree,ok,,81,41,0.2443881943,1.2641995422,0.3196890902,0.0000000000,0.0000000000,0.0100000000,0.0001051477,0.0100438494,1.0514765185,0.0336553656,2.4321114345,13,0,0,35.7308458860,93.6045045250,0.0786719017,0.1726023200,0.0218676091,49.0974310930,130.7355828150,5,0,376.0024791726,656.8433115936,0.0000000000,0.0000000000,false,155.0000000000,172.5000000000,0.0082191781,1.3890410959
daily,XOM,2026-09-01,1530,essvi_sg05,ok,,81,41,0.2503694107,1.3077967161,0.3227066359,0.0000000000,0.0000000000,0.0100000000,0.0001082994,0.0117916378,1.0829941928,0.0334801408,0.9748947912,13,0,0,33.7439413554,93.8058132682,0.0690522373,0.1791610953,0.0207076162,31.1528284240,93.8058132682,5,0,367.2516335856,644.8268630598,0.0000000000,0.0000000000,false,155.0000000000,172.5000000000,0.0082191781,1.3890410959
daily,XOM,2026-09-02,1530,svi,ok,,81,41,0.0100000000,3.0000000000,0.3318919995,0.0132490214,0.0048178260,0.0100000000,0.0020582668,2.8452680717,20.5826681263,0.0517507133,2.7519230073,13,0,0,17.8991097528,47.1141322269,0.0393459914,0.0882320427,0.0104738763,21.0570120175,53.1183094346,3,0,126.3944641604,349.0820416785,0.0132490214,0.0048178260,false,160.0000000000,170.0000000000,0.0054794521,1.3863013699
daily,XOM,2026-09-02,1530,ssvi,ok,,81,41,0.2490745504,0.8174281512,0.3145824466,0.0000000000,0.0000000000,0.0100000000,0.0000937240,0.0031727458,0.9372402314,0.0262751083,2.6992966247,13,0,0,16.1191308190,34.1218370333,0.0393633267,0.0638309457,0.0090964167,15.1235318252,34.7124933896,3,0,105.5123817542,285.9143710013,0.0000000000,0.0000000000,false,160.0000000000,170.0000000000,0.0054794521,1.3863013699
daily,XOM,2026-09-02,1530,essvi,ok,,81,41,0.0100000000,1.4449787444,0.3154023744,0.0057211683,0.0000000000,0.0100000000,0.0001616348,0.0390768152,1.6163475472,0.0329971438,1.4965191439,13,0,0,18.2426632124,47.2559025643,0.0398400563,0.0884972386,0.0104788817,16.1392896521,47.2559025643,3,0,127.7267808769,342.9964090703,0.0057211683,0.0000000000,false,160.0000000000,170.0000000000,0.0054794521,1.3863013699
daily,XOM,2026-09-02,1530,essvi_g05,ok,,81,41,0.2552371402,1.4410216222,0.3244423245,0.0000000000,0.0000000000,0.0100000000,0.0001192424,0.0188249953,1.1924238667,0.0366117818,1.2175559773,13,0,0,19.8767115692,46.0053581988,0.0513943217,0.0855838649,0.0113106826,31.2505803796,100.6268779990,3,0,137.1638085032,352.3449034931,0.0000000000,0.0000000000,false,160.0000000000,170.0000000000,0.0054794521,1.3863013699
daily,XOM,2026-09-02,1530,essvi_gfree,ok,,81,41,0.2540853756,1.3234789997,0.3232818424,0.0000000000,0.0000000000,0.0100000000,0.0001162219,0.0133900481,1.1622189484,0.0357172023,1.6504943816,13,0,0,19.2950853577,42.2093799579,0.0512864849,0.0828716144,0.0109281353,29.6322597495,92.6566127577,3,0,129.1515253353,334.4586921393,0.0000000000,0.0000000000,false,160.0000000000,170.0000000000,0.0054794521,1.3863013699
daily,XOM,2026-09-02,1530,essvi_sg05,ok,,81,41,0.2384556106,1.4806798192,0.3252124492,0.0000000000,0.0000000000,0.0100000000,0.0001261636,0.0204979308,1.2616362939,0.0389863956,1.8578577407,13,0,0,23.8365197781,48.0420416530,0.0624125099,0.0899694800,0.0132272999,22.2268455510,48.5203621832,3,0,137.0751709649,349.0110309590,0.0000000000,0.0000000000,false,160.0000000000,170.0000000000,0.0054794521,1.3863013699
daily,XOM,2026-09-03,1530,svi,ok,,81,41,0.0100000000,3.0000000000,0.3576795478,0.0313158687,0.0174646191,0.0100000000,0.0043317075,3.0322101348,43.3170753389,0.0815314511,2.7345688435,13,0,0,8.1040995401,15.5918119259,0.0272843126,0.0545811604,0.0046324342,14.2041571728,32.0805193173,4,0,10.5112243823,23.8360678391,0.0313158687,0.0174646191,false,157.5000000000,172.5000000000,0.0219178082,1.3835616438
daily,XOM,2026-09-03,1530,ssvi,ok,,81,41,0.2082832251,0.6113458731,0.3101417626,0.0000000000,0.0000000000,0.0100000000,0.0000927451,0.0017199412,0.9274508825,0.0293576821,1.9963900393,13,0,0,4.8649097704,12.4162144878,0.0143696060,0.0364717353,0.0029035661,25.3438420820,82.5651161139,3,0,3.5210135916,6.9280804974,0.0000000000,0.0000000000,true,157.5000000000,172.5000000000,0.0219178082,1.3835616438
daily,XOM,2026-09-03,1530,essvi,ok,,81,41,0.1927961274,0.9831367584,0.3166475440,0.0000000000,0.0000000000,0.0100000000,0.0001066843,0.0036695781,1.0668432760,0.0385158141,2.6979668833,13,0,0,5.0191591776,11.3794541240,0.0146232459,0.0357125290,0.0029289979,20.3306865122,46.7400109248,3,0,2.8535427505,3.6389959140,0.0000000000,0.0000000000,true,157.5000000000,172.5000000000,0.0219178082,1.3835616438
daily,XOM,2026-09-03,1530,essvi_g05,ok,,81,41,0.2286618689,0.8944849267,0.3147690893,0.0000000000,0.0000000000,0.0100000000,0.0000927684,0.0057776258,0.9276841107,0.0323457506,2.6352471045,13,0,0,4.2109820228,15.1601460065,0.0112279541,0.0357411415,0.0027081445,23.6405984016,70.8030038839,4,0,8.6787807889,20.9949021144,0.0000000000,0.0000000000,true,157.5000000000,172.5000000000,0.0219178082,1.3835616438
daily,XOM,2026-09-03,1530,essvi_gfree,ok,,81,41,0.2279150729,0.7183066842,0.3127997107,0.0000000000,0.0000000000,0.0100000000,0.0000953593,0.0025943082,0.9535928174,0.0309365244,2.5628165434,13,0,0,3.4558547738,9.7209494586,0.0099638966,0.0285729867,0.0021975320,21.3154203464,50.0982160945,3,0,2.4496134400,3.3176017136,0.0000000000,0.0000000000,true,157.5000000000,172.5000000000,0.0219178082,1.3835616438
daily,XOM,2026-09-03,1530,essvi_sg05,ok,,81,41,0.1749100078,0.9689879267,0.3153762378,0.0000000000,0.0000000000,0.0100000000,0.0001068026,0.0072364604,1.0680257134,0.0380393155,2.7327782044,13,0,0,7.1890210069,30.5090409088,0.0175768736,0.0727130787,0.0046403439,38.3564092355,101.8373235906,3,0,4.9275044851,7.0351472627,0.0000000000,0.0000000000,true,157.5000000000,172.5000000000,0.0219178082,1.3835616438
daily,XOM,2026-09-04,1530,svi,ok,,81,41,0.0100000000,3.0000000000,0.3315475768,0.0258958145,0.0105389943,0.0100000000,0.0022717367,3.0168848734,22.7173672233,0.0459532014,1.7622452727,13,0,0,90.6877630815,236.7914627482,0.3571623984,1.0270826664,0.0474579714,91.4317924393,240.5390682510,3,0,109.1181914148,174.1679258011,0.0258958145,0.0105389943,false,152.5000000000,165.0000000000,0.0191780822,1.3808219178
daily,XOM,2026-09-04,1530,ssvi,ok,,81,41,0.2228329554,0.5200120748,0.3013792576,0.0000000000,0.0000000000,0.0100000000,0.0000774573,0.0008258801,0.7745726879,0.0205790424,2.6220669673,13,0,0,9.9477050398,21.7927271393,0.0248398265,0.0378844311,0.0058209682,31.0883325633,107.6620236384,3,0,10.8560351695,19.9085979374,0.0000000000,0.0000000000,true,152.5000000000,165.0000000000,0.0191780822,1.3808219178
daily,XOM,2026-09-04,1530,essvi,ok,,81,41,0.2211741445,1.1201291973,0.3111014516,0.0000000000,0.0000000000,0.0100000000,0.0000962709,0.0028973148,0.9627085166,0.0294103304,2.6173377381,13,0,0,11.3874464087,26.8403650099,0.0289009348,0.0449687085,0.0067547545,30.1934381209,85.4837148485,3,0,10.5180664610,20.7382923871,0.0000000000,0.0000000000,true,152.5000000000,165.0000000000,0.0191780822,1.3808219178
daily,XOM,2026-09-04,1530,essvi_g05,ok,,81,41,0.2321382557,0.8968173922,0.3125720922,0.0000000000,0.0000000000,0.0100000000,0.0000914997,0.0063443669,0.9149971819,0.0300168398,2.6596077789,13,0,0,12.9334261923,27.5920509745,0.0365182596,0.0929824590,0.0075367335,23.9815713664,68.3078681764,3,0,11.6357557059,18.6711607100,0.0000000000,0.0000000000,true,152.5000000000,165.0000000000,0.0191780822,1.3808219178
daily,XOM,2026-09-04,1530,essvi_gfree,ok,,81,41,0.2374042887,0.7559962468,0.3096932145,0.0000000000,0.0000000000,0.0100000000,0.0000892594,0.0029661685,0.8925943555,0.0275312542,2.6610301867,13,0,0,13.6290016807,32.4772943795,0.0354697220,0.0659140158,0.0080861547,20.8510967770,48.5821496467,3,0,12.5955604928,21.0128763587,0.0000000000,0.0000000000,true,152.5000000000,165.0000000000,0.0191780822,1.3808219178
daily,XOM,2026-09-04,1530,essvi_sg05,ok,,81,41,0.2186833695,0.9108583576,0.3099263573,0.0000000000,0.0000000000,0.0100000000,0.0000951073,0.0068031314,0.9510727173,0.0300973308,1.7067282448,13,0,0,7.8089347087,17.4018891584,0.0215684363,0.0467599418,0.0044110179,38.8884916382,130.3002927399,3,0,11.8831565213,17.2714916965,0.0000000000,0.0000000000,true,152.5000000000,165.0000000000,0.0191780822,1.3808219178
daily,XOM,2026-09-08,1530,svi,ok,,81,41,0.0100000000,3.0000000000,0.3314241398,0.0213791027,0.0072267389,0.0100000000,0.0021609905,2.6561312675,21.6099049743,0.0605464566,2.7661917825,14,0,0,27.6887864673,79.1445616538,0.0501871501,0.1464915960,0.0193841284,36.9233588116,126.0496642600,4,0,279.5549422211,562.3663842530,0.0213791027,0.0072267389,false,152.5000000000,165.0000000000,0.0082191781,1.3698630137
daily,XOM,2026-09-08,1530,ssvi,ok,,81,41,0.2282694271,0.8864534436,0.3131794547,0.0000000000,0.0000000000,0.0100000000,0.0000936376,0.0033058036,0.9363761694,0.0335259939,2.6970394891,14,0,0,24.0885004224,62.0918656819,0.0504610867,0.1125850900,0.0161868203,31.9132433985,66.8853596663,4,0,226.7972741286,450.4738055612,0.0000000000,0.0000000000,false,152.5000000000,165.0000000000,0.0082191781,1.3698630137
daily,XOM,2026-09-08,1530,essvi,ok,,81,41,0.1805405970,1.4989056885,0.3189696110,0.0000000000,0.0000000000,0.0100000000,0.0001268943,0.0195925543,1.2689434450,0.0443480926,2.6550434444,14,0,0,32.2221193947,84.5990594911,0.0652614270,0.1572603571,0.0219207926,38.6390987382,141.9374909865,4,0,288.3447142694,576.4759192489,0.0000000000,0.0000000000,false,152.5000000000,165.0000000000,0.0082191781,1.3698630137
daily,XOM,2026-09-08,1530,essvi_g05,ok,,81,41,0.2051603300,1.3268949272,0.3208360416,0.0000000000,0.0000000000,0.0100000000,0.0001122122,0.0121766750,1.1221223821,0.0451302046,1.4207337763,14,0,0,28.8074275933,89.1684328266,0.0492585679,0.1567994938,0.0206071919,44.9730584678,158.8582704560,3,0,190.4328686326,504.5712620282,0.0000000000,0.0000000000,false,152.5000000000,165.0000000000,0.0082191781,1.3698630137
daily,XOM,2026-09-08,1530,essvi_gfree,ok,,81,41,0.2008496992,1.2464345686,0.3200708044,0.0000000000,0.0000000000,0.0100000000,0.0001114630,0.0095980997,1.1146295105,0.0441267704,1.1339644269,14,0,0,27.5658068453,85.1582478381,0.0468549870,0.1511109700,0.0197819080,43.9964458889,151.1768224075,3,0,186.6109044164,494.7212277397,0.0000000000,0.0000000000,false,152.5000000000,165.0000000000,0.0082191781,1.3698630137
daily,XOM,2026-09-08,1530,essvi_sg05,ok,,81,41,0.1687111604,1.3294231198,0.3208050105,0.0000000000,0.0000000000,0.0100000000,0.0001154078,0.0129438631,1.1540781967,0.0446860813,2.6812082285,14,0,0,28.4014739874,81.2084144974,0.0550606540,0.1416211529,0.0190567239,28.1434629447,76.1654154477,4,0,260.7346939531,518.7498913675,0.0000000000,0.0000000000,false,152.5000000000,165.0000000000,0.0082191781,1.3698630137
daily,XOM,2026-09-09,1530,svi,ok,,81,41,0.0100000000,3.0000000000,0.3423928133,0.0156579344,0.0087323095,0.0100000000,0.0014249176,1.7769100910,14.2491757003,0.0631000396,2.7072900745,14,0,0,25.8578221855,55.3288611229,0.0580935888,0.1003776920,0.0158355183,27.5417807159,72.3501731165,4,0,266.1582880954,631.8313441139,0.0156579344,0.0087323095,false,160.0000000000,172.5000000000,0.0054794521,1.3671232877
daily,XOM,2026-09-09,1530,ssvi,ok,,81,41,0.2476200466,0.9374232093,0.3151522260,0.0000000000,0.0000000000,0.0100000000,0.0000853442,0.0042777051,0.8534421664,0.0299995189,1.5336747896,14,0,0,12.5077574877,27.5004931288,0.0277586000,0.0517333799,0.0075310436,18.1010007881,43.6885495295,4,0,126.4919965909,240.0652529804,0.0000000000,0.0000000000,false,160.0000000000,172.5000000000,0.0054794521,1.3671232877
daily,XOM,2026-09-09,1530,essvi,ok,,81,41,0.0100000000,1.7538250827,0.3275618141,0.0003011141,0.0000000000,0.0100000000,0.0001516733,0.0385839034,1.5167334643,0.0447159687,2.7200596643,14,0,0,24.2240314695,53.0399366837,0.0536083352,0.0996313705,0.0148978088,22.6745296234,52.9617643247,4,0,251.2208578886,592.3877817430,0.0003011141,0.0000000000,false,160.0000000000,172.5000000000,0.0054794521,1.3671232877
daily,XOM,2026-09-09,1530,essvi_g05,ok,,81,41,0.2589756540,1.4859773637,0.3260298662,0.0000000000,0.0000000000,0.0100000000,0.0001123145,0.0161937486,1.1231449168,0.0410495065,1.2764402656,14,0,0,24.8912489347,60.4917220369,0.0523690899,0.1081588552,0.0155050490,29.2955155344,112.7447114827,4,0,275.2648793800,610.8451773139,0.0000000000,0.0000000000,false,160.0000000000,172.5000000000,0.0054794521,1.3671232877
daily,XOM,2026-09-09,1530,essvi_gfree,ok,,81,41,0.2597630561,1.5317108947,0.3266500512,0.0000000000,0.0000000000,0.0100000000,0.0001137935,0.0189166201,1.1379346356,0.0429215784,2.6403065258,14,0,0,25.2319545156,62.1627750917,0.0527333673,0.1112354025,0.0157647085,29.8905085990,116.4618421172,4,0,279.3959945351,622.0168323551,0.0000000000,0.0000000000,false,160.0000000000,172.5000000000,0.0054794521,1.3671232877
daily,XOM,2026-09-09,1530,essvi_sg05,ok,,81,41,0.0887257336,1.4522062110,0.3219752516,0.0000000000,0.0000000000,0.0100000000,0.0001082825,0.0157563728,1.0828254156,0.0412753543,2.6603463878,14,0,0,19.8202502186,50.3273958688,0.0489722495,0.0945861382,0.0110519168,41.8648895636,173.2647723870,4,0,195.0587593434,460.2446357046,0.0000000000,0.0000000000,false,160.0000000000,172.5000000000,0.0054794521,1.3671232877
daily,XOM,2026-09-10,1530,svi,ok,,81,41,0.0100000000,1.0030063295,0.3065032471,0.0135501355,0.0000000000,0.0100000000,0.0003996268,0.0769908745,3.9962677294,0.0293353561,2.5635151015,14,0,0,4.3931353496,9.5455896276,0.0122637913,0.0271966956,0.0026571620,16.6785727009,31.3974023133,4,0,20.3514863371,43.9324140722,0.0135501355,0.0000000000,false,155.0000000000,175.0000000000,0.0219178082,1.3643835616
daily,XOM,2026-09-10,1530,ssvi,ok,,81,41,0.2432066974,0.5930215191,0.3095193535,0.0000000000,0.0000000000,0.0100000000,0.0000829988,0.0008202625,0.8299877610,0.0210314023,1.3731217592,14,0,0,3.2707706186,8.7133433074,0.0119657381,0.0384428415,0.0017386530,29.1597676408,75.0715749241,4,0,8.6642845614,12.9067506324,0.0000000000,0.0000000000,true,155.0000000000,175.0000000000,0.0219178082,1.3643835616
daily,XOM,2026-09-10,1530,essvi,ok,,81,41,0.0100000000,1.0336317607,0.3107092967,0.0153568202,0.0000000000,0.0100000000,0.0002219291,0.0649159282,2.2192914496,0.0352194138,0.9907782682,14,0,0,5.1445797681,11.1082058224,0.0128499405,0.0245099000,0.0031416899,20.1571986310,53.9639502672,4,0,20.9809569955,39.0175352194,0.0153568202,0.0000000000,false,155.0000000000,175.0000000000,0.0219178082,1.3643835616
daily,XOM,2026-09-10,1530,essvi_g05,ok,,81,41,0.2360482623,0.9683507658,0.3161672341,0.0000000000,0.0000000000,0.0100000000,0.0000845235,0.0044040454,0.8452354629,0.0269325858,1.6264367153,14,0,0,6.7768456100,15.8102074158,0.0212072474,0.0562081700,0.0039255233,29.0073554228,66.9078722189,4,0,16.3260584075,33.1564070033,0.0000000000,0.0000000000,true,155.0000000000,175.0000000000,0.0219178082,1.3643835616
daily,XOM,2026-09-10,1530,essvi_gfree,ok,,81,41,0.2402576734,0.9479448182,0.3161932287,0.0000000000,0.0000000000,0.0100000000,0.0000856141,0.0039992213,0.8561406867,0.0270313850,1.5696818170,14,0,0,6.5216544721,15.1301583858,0.0209852019,0.0552663975,0.0037168330,27.6175645535,66.7544752704,4,0,15.6847232737,31.6124986711,0.0000000000,0.0000000000,true,155.0000000000,175.0000000000,0.0219178082,1.3643835616
daily,XOM,2026-09-10,1530,essvi_sg05,ok,,81,41,0.2360173779,0.9813958734,0.3131839532,0.0000000000,0.0000000000,0.0100000000,0.0000870144,0.0047768787,0.8701435462,0.0285858998,2.5568130180,14,0,0,10.3738886209,28.6664336727,0.0343893831,0.0840077079,0.0055987028,29.7162231134,96.5223075943,4,0,16.3551459814,31.2969693618,0.0000000000,0.0000000000,true,155.0000000000,175.0000000000,0.0219178082,1.3643835616
daily,XOM,2026-09-11,1530,svi,ok,,81,41,0.0100000000,3.0000000000,0.3832607030,0.0346281241,0.0228846733,0.0100000000,0.0050434995,2.3233967729,50.4349947336,0.1016314747,2.6698629894,13,0,0,6.6088411540,12.2457277349,0.0190648026,0.0353497151,0.0035719485,9.0908338258,18.2262737980,3,0,3.3525596271,9.4614304288,0.0346281241,0.0228846733,false,157.5000000000,175.0000000000,0.0191780822,1.3616438356
daily,XOM,2026-09-11,1530,ssvi,ok,,81,41,0.2514199385,0.7325837886,0.3182173373,0.0000000000,0.0000000000,0.0100000000,0.0000900493,0.0027795659,0.9004930840,0.0243469987,0.8226354906,13,0,0,5.4917620062,16.0734258341,0.0177921465,0.0465277311,0.0030512656,24.0317022204,101.7425741509,3,0,6.5717025880,10.4910019512,0.0000000000,0.0000000000,true,157.5000000000,175.0000000000,0.0191780822,1.3616438356
daily,XOM,2026-09-11,1530,essvi,ok,,81,41,0.0721497207,1.0092012977,0.3210900652,0.0000000000,0.0000000000,0.0100000000,0.0001035977,0.0060876796,1.0359774369,0.0266401798,0.7857013241,13,0,0,5.9389348410,13.8605974580,0.0186202941,0.0555865103,0.0030523083,7.5969487952,19.7108381380,3,0,6.6436463693,12.6600178140,0.0000000000,0.0000000000,true,157.5000000000,175.0000000000,0.0191780822,1.3616438356
daily,XOM,2026-09-11,1530,essvi_g05,ok,,81,41,0.2104976072,0.9839465286,0.3190513322,0.0000000000,0.0000000000,0.0100000000,0.0000892810,0.0055154891,0.8928096455,0.0275905557,1.6959147926,13,0,0,7.3731653350,18.0213013106,0.0184825181,0.0312968429,0.0040184274,18.7305819192,63.2123872959,3,0,6.7192274128,14.4334150643,0.0000000000,0.0000000000,true,157.5000000000,175.0000000000,0.0191780822,1.3616438356
daily,XOM,2026-09-11,1530,essvi_gfree,ok,,81,41,0.2310681387,0.8922703155,0.3191000510,0.0000000000,0.0000000000,0.0100000000,0.0000923599,0.0037369776,0.9235993855,0.0260898181,0.8656501594,13,0,0,7.4937824920,19.6052940996,0.0179601544,0.0336785613,0.0041182757,18.1683807703,59.1830718750,3,0,6.8532985315,12.2808695920,0.0000000000,0.0000000000,true,157.5000000000,175.0000000000,0.0191780822,1.3616438356
daily,XOM,2026-09-11,1530,essvi_sg05,ok,,81,41,0.2199317849,1.0080927400,0.3207752055,0.0000000000,0.0000000000,0.0100000000,0.0000972978,0.0060644748,0.9729778096,0.0325616881,2.7135933494,13,0,0,10.5133860651,19.1712008296,0.0342620365,0.0555761361,0.0054434969,33.1884070436,238.1272209701,3,0,7.8729436068,12.4692055626,0.0000000000,0.0000000000,true,157.5000000000,175.0000000000,0.0191780822,1.3616438356
