slice,ticker,date,time,status,status_detail,file,as_of,quote_timestamp,spot,curve_date,n_quotes_raw,n_expiries_raw,n_quotes_used,n_quotes_dropped,drop_unquoted_or_crossed,drop_wide_spread,drop_expiry_window,drop_moneyness_window,drop_in_the_money,drop_vol_out_of_bounds,drop_solver_failed,drop_sparse_expiry,drop_no_forward,n_expiries_used,t_first,t_last,fwd_1M,fwd_3M,fwd_6M,rate_1M,rate_3M,rate_6M,rate_1Y,raw_butterfly_violations,raw_calendar_violations,repair_butterfly_adjustments,repair_calendar_adjustments,repair_dropped_points,repair_max_vol_change,repair_iterations,repair_clean,elapsed_ms
daily,JPM,2026-08-14,1530,ok,,JPM/2026-08-14/1530.json.gz,2026-08-14,2026-08-14 19:02:54,363.3500000000,2026-08-13,2020,17,281,1739,421,273,146,209,688,0,0,2,0,14,0.0191780822,1.4383561644,364.4276486580,365.1915887817,368.2482521714,0.0378391324,0.0385038441,0.0390124368,0.0390923758,36,2,43,2,0,0.0091542526,1,true,14649.7610000000
daily,JPM,2026-08-17,1530,ok,,JPM/2026-08-17/1530.json.gz,2026-08-17,2026-08-17 18:56:25,362.7400000000,2026-08-14,1898,16,300,1598,366,231,84,220,697,0,0,0,0,15,0.0109589041,1.4301369863,364.0513616347,365.2586765007,368.0614924624,0.0378391323,0.0384064106,0.0391089318,0.0394088634,43,5,45,4,0,0.0175797101,1,true,14705.0657000000
daily,JPM,2026-08-18,1530,ok,,JPM/2026-08-18/1530.json.gz,2026-08-18,2026-08-18 18:57:38,361.9100000000,2026-08-17,1898,16,290,1608,361,250,82,216,699,0,0,0,0,15,0.0082191781,1.4273972603,362.9190307680,363.6445647449,366.4137765605,0.0378391324,0.0385054512,0.0391105284,0.0396069109,36,2,46,2,0,0.0068426603,2,true,15099.3609000000
daily,JPM,2026-08-19,1530,ok,,JPM/2026-08-19/1530.json.gz,2026-08-19,2026-08-19 16:49:52,357.4500000000,2026-08-18,1986,17,262,1724,391,300,77,212,735,0,0,9,0,13,0.0246575342,1.4246575342,358.7325939050,359.7405428883,362.8251969742,0.0377394528,0.0384080177,0.0390124368,0.0395088736,44,0,48,0,0,0.0035610618,1,true,14124.3205000000
daily,JPM,2026-08-20,1530,ok,,JPM/2026-08-20/1530.json.gz,2026-08-20,2026-08-20 18:29:02,353.7450000000,2026-08-19,2048,17,314,1734,391,266,86,212,775,0,0,4,0,15,0.0219178082,1.4219178082,354.9342725620,355.6542552392,358.3818815650,0.0376397724,0.0384064106,0.0390124368,0.0396034947,44,2,53,2,0,0.0096795731,1,true,14932.9250000000
daily,JPM,2026-08-21,1530,ok,,JPM/2026-08-21/1530.json.gz,2026-08-21,2026-08-21 19:01:31,352.2600000000,2026-08-20,2048,17,305,1743,415,259,167,194,708,0,0,0,0,15,0.0191780822,1.4191780822,353.2323245919,353.6762808699,356.6098505826,0.0379388111,0.0385006299,0.0390124368,0.0392914356,52,1,55,1,0,0.0066994883,1,true,14749.6595000000
daily,JPM,2026-08-24,1538,ok,,JPM/2026-08-24/1538.json.gz,2026-08-24,2026-08-24 18:28:22,355.8400000000,2026-08-21,1920,16,300,1620,326,276,87,206,720,0,0,5,0,13,0.0109589041,1.4109589041,356.7460606455,357.5878184061,360.4069379569,0.0379388111,0.0385996681,0.0391121249,0.0399039828,55,1,60,0,0,0.0055601775,1,true,14339.5546000000
daily,JPM,2026-08-25,1530,ok,,JPM/2026-08-25/1530.json.gz,2026-08-25,2026-08-25 19:28:00,356.7099000000,2026-08-24,1920,16,311,1609,340,248,82,208,723,0,0,8,0,13,0.0082191781,1.4082191781,357.6596638907,358.8950133152,361.4114991850,0.0378391324,0.0385022370,0.0392086152,0.0400020080,48,0,57,0,0,0.0059583514,1,true,14470.3142000000
daily,JPM,2026-08-26,1530,ok,,JPM/2026-08-26/1530.json.gz,2026-08-26,2026-08-26 18:14:46,357.0700000000,2026-08-25,1920,16,306,1614,333,276,84,200,721,0,0,0,0,15,0.0054794521,1.4054794521,358.5156924864,359.1805885599,361.8454683226,0.0378391324,0.0384048035,0.0391105284,0.0397059348,51,0,58,0,0,0.0044531907,1,true,14039.7596000000
daily,JPM,2026-08-27,1530,ok,,JPM/2026-08-27/1530.json.gz,2026-08-27,2026-08-27 18:28:42,354.6750000000,2026-08-26,1978,17,344,1634,370,221,83,205,751,0,0,4,0,15,0.0219178082,1.4027397260,356.0899595897,356.6215991075,359.6945449439,0.0379388111,0.0383073676,0.0390124368,0.0398014811,48,0,54,0,0,0.0053138080,1,true,14099.5589000000
daily,JPM,2026-08-31,1530,ok,,JPM/2026-08-31/1530.json.gz,2026-08-31,2026-08-31 14:58:36,356.0200000000,2026-08-28,1892,16,277,1615,339,295,78,190,709,0,0,4,0,14,0.0109589041,1.3917808219,357.6699978433,358.4391611946,361.3987716797,0.0383341999,0.0388151871,0.0398255072,0.0410894779,38,0,47,0,0,0.0023270874,1,true,14124.6483000000
daily,JPM,2026-09-01,1530,ok,,JPM/2026-09-01/1530.json.gz,2026-09-01,2026-09-01 18:32:38,355.6496000000,2026-08-31,1892,16,295,1597,342,266,80,193,713,0,0,3,0,14,0.0082191781,1.3890410959,356.2092777506,357.6995936939,360.1121004220,0.0384420589,0.0389152835,0.0395378486,0.0411939489,51,0,58,0,0,0.0073037426,1,true,14177.4894000000
daily,JPM,2026-09-02,1530,ok,,JPM/2026-09-02/1530.json.gz,2026-09-02,2026-09-02 18:58:46,355.0000000000,2026-09-01,1892,16,318,1574,352,238,77,191,716,0,0,0,0,15,0.0054794521,1.3863013699,356.0777968018,357.1004293648,359.6946781272,0.0384502390,0.0390143131,0.0396375200,0.0413909956,48,0,56,0,0,0.0059750365,1,true,14216.7620000000
daily,JPM,2026-09-03,1530,ok,,JPM/2026-09-03/1530.json.gz,2026-09-03,2026-09-03 19:04:45,362.3150000000,2026-09-02,1950,17,318,1632,355,257,78,205,733,0,0,4,0,15,0.0219178082,1.3835616438,363.2139906339,364.4978859230,366.6688364037,0.0382549715,0.0390196332,0.0396342908,0.0411929364,40,4,47,4,0,0.0319112351,1,true,14274.4093000000
daily,JPM,2026-09-04,1530,ok,,JPM/2026-09-04/1530.json.gz,2026-09-04,2026-09-04 19:01:43,358.9500000000,2026-09-03,1994,17,309,1685,403,248,142,202,690,0,0,0,0,15,0.0191780822,1.3808219178,359.9213553280,361.1876350836,364.2686622951,0.0382345205,0.0387225373,0.0391385499,0.0403710227,41,2,51,2,0,0.0072636673,1,true,14508.7170000000
daily,JPM,2026-09-08,1530,ok,,JPM/2026-09-08/1530.json.gz,2026-09-08,2026-09-08 18:04:56,355.5610000000,2026-09-04,1858,16,305,1553,336,248,80,189,700,0,0,0,0,15,0.0082191781,1.3698630137,355.7465191887,357.5252202515,360.4547826153,0.0378562466,0.0389195397,0.0394365578,0.0408978586,52,2,57,2,0,0.0278446746,1,true,14114.9725000000
daily,JPM,2026-09-09,1530,ok,,JPM/2026-09-09/1530.json.gz,2026-09-09,2026-09-09 18:47:15,355.0800000000,2026-09-08,1858,16,314,1544,334,250,76,186,698,0,0,0,0,15,0.0054794521,1.3671232877,355.2218048540,357.2689293344,359.6366182418,0.0380678810,0.0392155571,0.0396326762,0.0410939070,46,0,48,0,0,0.0055836232,1,true,14249.8053000000
daily,JPM,2026-09-10,1530,ok,,JPM/2026-09-10/1530.json.gz,2026-09-10,2026-09-10 15:16:27,352.2400000000,2026-09-09,1954,17,294,1660,362,283,78,186,747,0,0,4,0,14,0.0219178082,1.3643835616,352.5620398119,354.5028806121,357.5051512607,0.0380678810,0.0393177708,0.0397323428,0.0412909511,37,2,44,2,0,0.0392602179,1,true,13965.3740000000
daily,JPM,2026-09-11,1530,ok,,JPM/2026-09-11/1530.json.gz,2026-09-11,2026-09-11 19:01:43,356.6950000000,2026-09-10,1998,17,318,1680,382,254,147,192,703,0,0,2,0,14,0.0191780822,1.3616438356,356.6382110928,358.9694925234,361.7757364758,0.0390442020,0.0398128446,0.0403248622,0.0421431301,43,3,50,3,0,0.0466651174,1,true,13608.1471000000
daily,XOM,2026-08-14,1530,ok,,XOM/2026-08-14/1530.json.gz,2026-08-14,2026-08-14 18:40:53,160.3950000000,2026-08-13,1348,17,222,1126,258,167,119,103,479,0,0,0,0,15,0.0191780822,1.4383561644,160.0304978960,160.4623991863,161.2152624769,0.0378391324,0.0385038441,0.0390124368,0.0390923758,18,0,18,0,0,0.0031228096,1,true,13896.1486000000
daily,XOM,2026-08-17,1530,ok,,XOM/2026-08-17/1530.json.gz,2026-08-17,2026-08-17 19:29:27,161.8700000000,2026-08-14,1232,16,226,1006,180,179,64,97,486,0,0,0,0,15,0.0109589041,1.4301369863,162.4556658485,162.9437337582,163.7332463360,0.0378391323,0.0384064106,0.0391089318,0.0394088634,15,0,16,0,0,0.0060856906,1,true,13629.5363000000
daily,XOM,2026-08-18,1530,ok,,XOM/2026-08-18/1530.json.gz,2026-08-18,2026-08-18 19:29:30,165.2600000000,2026-08-17,1232,16,231,1001,195,158,62,104,482,0,0,0,0,15,0.0082191781,1.4273972603,165.7343387504,166.0652156682,166.7825381385,0.0378391324,0.0385054512,0.0391105284,0.0396069109,21,2,22,2,0,0.0119724787,1,true,13881.7684000000
daily,XOM,2026-08-19,1530,ok,,XOM/2026-08-19/1530.json.gz,2026-08-19,2026-08-19 19:29:20,165.8210000000,2026-08-18,1288,17,215,1073,213,187,64,107,501,0,0,1,0,15,0.0054794521,1.4246575342,166.4386446300,166.7727334326,167.7020397034,0.0377394528,0.0384080177,0.0390124368,0.0395088736,20,1,20,1,0,0.0075596206,1,true,13801.6105000000
daily,XOM,2026-08-20,1530,ok,,XOM/2026-08-20/1530.json.gz,2026-08-20,2026-08-20 18:27:37,167.2050000000,2026-08-19,1346,18,245,1101,213,182,64,115,524,0,0,3,0,16,0.0219178082,1.4219178082,167.8573621028,168.1988138503,169.2963417163,0.0376397724,0.0384064106,0.0390124368,0.0396034947,23,7,23,7,0,0.0280083303,1,true,13624.1745000000
daily,XOM,2026-08-21,1530,ok,,XOM/2026-08-21/1530.json.gz,2026-08-21,2026-08-21 19:02:36,165.3950000000,2026-08-20,1346,18,246,1100,234,167,111,98,490,0,0,0,0,16,0.0191780822,1.4191780822,165.7574730042,166.1190608695,166.9518778273,0.0379388111,0.0385006299,0.0390124368,0.0392914356,32,3,35,3,0,0.0084534350,1,true,13752.3654000000
daily,XOM,2026-08-24,1538,ok,,XOM/2026-08-24/1538.json.gz,2026-08-24,2026-08-24 18:48:48,163.4050000000,2026-08-21,1272,17,240,1032,183,181,65,97,506,0,0,0,0,16,0.0109589041,1.4109589041,163.8533122231,164.2685446072,164.9974912579,0.0379388111,0.0385996681,0.0391121249,0.0399039828,16,1,19,1,0,0.0071661944,1,true,13678.7320000000
daily,XOM,2026-08-25,1530,ok,,XOM/2026-08-25/1530.json.gz,2026-08-25,2026-08-25 17:34:29,161.9901000000,2026-08-24,1272,17,241,1031,190,175,64,94,508,0,0,0,0,16,0.0082191781,1.4082191781,162.6785533075,162.9498759491,163.5300847170,0.0378391324,0.0385022370,0.0392086152,0.0400020080,15,2,16,2,0,0.0160379409,1,true,13646.7008000000
daily,XOM,2026-08-26,1530,ok,,XOM/2026-08-26/1530.json.gz,2026-08-26,2026-08-26 19:08:59,158.3700000000,2026-08-25,1272,17,202,1070,190,211,64,101,496,0,0,8,0,14,0.0246575342,1.4054794521,158.9637245203,159.3133248651,160.3452080973,0.0378391324,0.0384048035,0.0391105284,0.0397059348,14,1,15,1,0,0.0136287213,1,true,13381.2479000000
daily,XOM,2026-08-27,1530,ok,,XOM/2026-08-27/1530.json.gz,2026-08-27,2026-08-27 18:35:02,157.7300000000,2026-08-26,1318,18,235,1083,202,193,64,98,524,0,0,2,0,15,0.0219178082,1.4027397260,158.2960581491,158.4221699448,159.0346091142,0.0379388111,0.0383073676,0.0390124368,0.0398014811,15,1,17,1,0,0.0053827757,2,true,13243.6077000000
daily,XOM,2026-08-31,1530,ok,,XOM/2026-08-31/1530.json.gz,2026-08-31,2026-08-31 17:43:59,159.7000000000,2026-08-28,1230,17,249,981,151,186,65,97,482,0,0,0,0,16,0.0109589041,1.3917808219,159.9171244359,160.2498444336,160.9019987141,0.0383341999,0.0388151871,0.0398255072,0.0410894779,17,0,17,0,0,0.0043268959,1,true,13529.1470000000
daily,XOM,2026-09-01,1530,ok,,XOM/2026-09-01/1530.json.gz,2026-09-01,2026-09-01 19:29:25,164.5158000000,2026-08-31,1230,17,265,965,164,156,65,94,486,0,0,0,0,16,0.0082191781,1.3890410959,164.9521095180,165.2653961304,165.9565044771,0.0384420589,0.0389152835,0.0395378486,0.0411939489,12,0,12,0,0,0.0080544351,1,true,13595.6646000000
daily,XOM,2026-09-02,1530,ok,,XOM/2026-09-02/1530.json.gz,2026-09-02,2026-09-02 18:19:54,163.8500000000,2026-09-01,1230,17,259,971,164,159,65,97,486,0,0,0,0,16,0.0054794521,1.3863013699,164.3835680483,164.4635526916,165.0695792277,0.0384502390,0.0390143131,0.0396375200,0.0413909956,11,0,12,0,0,0.0022985169,1,true,13499.3758000000
daily,XOM,2026-09-03,1530,ok,,XOM/2026-09-03/1530.json.gz,2026-09-03,2026-09-03 18:22:43,163.0700000000,2026-09-02,1318,18,234,1084,197,200,66,94,524,0,0,3,0,15,0.0219178082,1.3835616438,163.8378154810,164.0196856135,164.9994708358,0.0382549715,0.0390196332,0.0396342908,0.0411929364,10,2,10,2,0,0.0220264766,1,true,13331.2684000000
daily,XOM,2026-09-04,1530,ok,,XOM/2026-09-04/1530.json.gz,2026-09-04,2026-09-04 19:02:43,159.8350000000,2026-09-03,1344,18,237,1107,226,178,107,97,496,0,0,3,0,15,0.0191780822,1.3808219178,160.7143105016,160.7361198754,161.4481291329,0.0382345205,0.0387225373,0.0391385499,0.0403710227,15,0,15,0,0,0.0027959626,1,true,13456.9182000000
daily,XOM,2026-09-08,1530,ok,,XOM/2026-09-08/1530.json.gz,2026-09-08,2026-09-08 16:48:07,159.5100000000,2026-09-04,1256,17,239,1017,174,187,64,96,496,0,0,0,0,16,0.0082191781,1.3698630137,160.5702205103,160.3290359231,161.4513438365,0.0378562466,0.0389195397,0.0394365578,0.0408978586,24,3,26,3,0,0.0143741430,1,true,13551.5335000000
daily,XOM,2026-09-09,1530,ok,,XOM/2026-09-09/1530.json.gz,2026-09-09,2026-09-09 18:53:30,164.5350000000,2026-09-08,1256,17,248,1008,166,185,65,93,499,0,0,0,0,16,0.0054794521,1.3671232877,165.1417252338,165.2377129758,166.0104491074,0.0380678810,0.0392155571,0.0396326762,0.0410939070,16,0,17,0,0,0.0021746363,1,true,13432.7549000000
daily,XOM,2026-09-10,1530,ok,,XOM/2026-09-10/1530.json.gz,2026-09-10,2026-09-10 18:30:18,165.7350000000,2026-09-09,1304,18,233,1071,170,227,63,96,511,0,0,4,0,15,0.0219178082,1.3643835616,166.3245013483,166.1309290274,166.9794963696,0.0380678810,0.0393177708,0.0397323428,0.0412909511,28,3,29,3,0,0.0159886085,1,true,13426.5167000000
daily,XOM,2026-09-11,1530,ok,,XOM/2026-09-11/1530.json.gz,2026-09-11,2026-09-11 19:27:29,165.6100000000,2026-09-10,1330,18,230,1100,201,216,108,96,479,0,0,0,0,15,0.0191780822,1.3616438356,166.1391257047,166.2238750147,167.1039723224,0.0390442020,0.0398128446,0.0403248622,0.0421431301,12,2,13,2,0,0.0261061141,1,true,13278.9818000000
