slice,ticker,date,time,model,n_pillars,n_quotes,dim,cold_ms,cold_iterations,cold_converged,cold_rmse_bp,warm_available,warm_ms,warm_iterations,warm_converged,warm_rmse_bp,warm_x_maxdiff
daily,JPM,2026-08-14,1530,svi,14,283,,252.9027000000,,true,11.2698553081,false,,,,,
daily,JPM,2026-08-14,1530,ssvi,14,283,,0.7814000000,,true,49.1657372877,false,,,,,
daily,JPM,2026-08-14,1530,essvi,14,283,,0.7593000000,,true,32.9015733341,false,,,,,
daily,JPM,2026-08-14,1530,essvi_g05,14,283,29,2.7497000000,9,true,36.4082200099,false,,,,,
daily,JPM,2026-08-14,1530,essvi_gfree,14,283,30,3.5313000000,11,true,32.4856793184,false,,,,,
daily,JPM,2026-08-14,1530,essvi_sg05,14,283,,0.4851000000,76,true,48.9615617895,false,,,,,
daily,JPM,2026-08-17,1530,svi,15,304,,218.3702000000,,true,18.4667875563,false,,,,,
daily,JPM,2026-08-17,1530,ssvi,15,304,,0.9499000000,,true,45.5625399655,false,,,,,
daily,JPM,2026-08-17,1530,essvi,15,304,,2.6248000000,,true,24.1037571681,false,,,,,
daily,JPM,2026-08-17,1530,essvi_g05,15,304,31,66.7926000000,200,false,38.1380146248,false,,,,,
daily,JPM,2026-08-17,1530,essvi_gfree,15,304,32,75.6899000000,200,false,33.7948059378,false,,,,,
daily,JPM,2026-08-17,1530,essvi_sg05,15,304,,0.5978000000,65,true,66.7520991478,false,,,,,
daily,JPM,2026-08-18,1530,svi,15,292,,228.9496000000,,true,16.0692662448,false,,,,,
daily,JPM,2026-08-18,1530,ssvi,15,292,,1.0332000000,,true,31.9008490301,false,,,,,
daily,JPM,2026-08-18,1530,essvi,15,292,,1.3296000000,,true,22.4115328241,false,,,,,
daily,JPM,2026-08-18,1530,essvi_g05,15,292,31,19.5514000000,33,true,32.5718697296,true,72.0468000000,200,false,32.6000285468,662.9762700706
daily,JPM,2026-08-18,1530,essvi_gfree,15,292,32,10.2672000000,29,true,26.2074443552,true,57.4579000000,164,true,26.2236397747,5119.7305830857
daily,JPM,2026-08-18,1530,essvi_sg05,15,292,,0.6043000000,73,true,50.3321511251,false,,,,,
daily,JPM,2026-08-19,1530,svi,13,262,,176.5411000000,,true,13.4458352499,false,,,,,
daily,JPM,2026-08-19,1530,ssvi,13,262,,0.9844000000,,true,38.2852285734,false,,,,,
daily,JPM,2026-08-19,1530,essvi,13,262,,0.5110000000,,true,20.6666194320,false,,,,,
daily,JPM,2026-08-19,1530,essvi_g05,13,262,27,3.9901000000,16,true,22.6134635632,false,,,,,
daily,JPM,2026-08-19,1530,essvi_gfree,13,262,28,2.5799000000,10,true,22.1913702303,false,,,,,
daily,JPM,2026-08-19,1530,essvi_sg05,13,262,,0.3825000000,52,true,34.3514003737,false,,,,,
daily,JPM,2026-08-20,1530,svi,15,316,,257.5577000000,,true,15.6510866719,false,,,,,
daily,JPM,2026-08-20,1530,ssvi,15,316,,1.0711000000,,true,52.0673634442,false,,,,,
daily,JPM,2026-08-20,1530,essvi,15,316,,0.5986000000,,true,25.7817773518,false,,,,,
daily,JPM,2026-08-20,1530,essvi_g05,15,316,31,12.9786000000,19,false,35.0860430338,false,,,,,
daily,JPM,2026-08-20,1530,essvi_gfree,15,316,32,7.6881000000,20,true,34.7989012120,false,,,,,
daily,JPM,2026-08-20,1530,essvi_sg05,15,316,,0.4647000000,59,true,51.2312754313,false,,,,,
daily,JPM,2026-08-21,1530,svi,15,306,,196.3966000000,,true,15.1315811106,false,,,,,
daily,JPM,2026-08-21,1530,ssvi,15,306,,1.2830000000,,true,56.7972498997,false,,,,,
daily,JPM,2026-08-21,1530,essvi,15,306,,0.5788000000,,true,36.4415104292,false,,,,,
daily,JPM,2026-08-21,1530,essvi_g05,15,306,31,27.3952000000,75,true,35.6546923812,true,27.0635000000,77,true,36.3815893031,191.3341354072
daily,JPM,2026-08-21,1530,essvi_gfree,15,306,32,13.1709000000,34,false,35.4911049404,true,71.6149000000,200,false,35.6154806273,0.4760482122
daily,JPM,2026-08-21,1530,essvi_sg05,15,306,,0.5533000000,113,true,49.2496477419,false,,,,,
daily,JPM,2026-08-24,1538,svi,13,300,,191.9542000000,,true,15.2090443014,false,,,,,
daily,JPM,2026-08-24,1538,ssvi,13,300,,1.0452000000,,true,39.8902660980,false,,,,,
daily,JPM,2026-08-24,1538,essvi,13,300,,0.6029000000,,true,30.4466948946,false,,,,,
daily,JPM,2026-08-24,1538,essvi_g05,13,300,27,2.6544000000,9,true,33.1702832492,false,,,,,
daily,JPM,2026-08-24,1538,essvi_gfree,13,300,28,2.7103000000,9,true,31.8373218192,false,,,,,
daily,JPM,2026-08-24,1538,essvi_sg05,13,300,,0.4570000000,67,true,51.8591641033,false,,,,,
daily,JPM,2026-08-25,1530,svi,13,311,,166.7816000000,,true,12.5136986962,false,,,,,
daily,JPM,2026-08-25,1530,ssvi,13,311,,1.1007000000,,true,28.4834746949,false,,,,,
daily,JPM,2026-08-25,1530,essvi,13,311,,0.6916000000,,true,20.0424866780,false,,,,,
daily,JPM,2026-08-25,1530,essvi_g05,13,311,27,2.6550000000,9,true,28.5988299768,true,1.7507000000,6,true,28.5988299244,0.0000000184
daily,JPM,2026-08-25,1530,essvi_gfree,13,311,28,2.7280000000,9,true,19.9654078381,true,1.8015000000,6,true,19.9654078824,0.0000000115
daily,JPM,2026-08-25,1530,essvi_sg05,13,311,,0.5557000000,67,true,72.9084002317,false,,,,,
daily,JPM,2026-08-26,1530,svi,15,306,,217.6189000000,,true,11.9975116794,false,,,,,
daily,JPM,2026-08-26,1530,ssvi,15,306,,0.8128000000,,true,35.9304683939,false,,,,,
daily,JPM,2026-08-26,1530,essvi,15,306,,0.6994000000,,true,18.1171317175,false,,,,,
daily,JPM,2026-08-26,1530,essvi_g05,15,306,31,3.1745000000,9,true,27.1221777881,false,,,,,
daily,JPM,2026-08-26,1530,essvi_gfree,15,306,32,3.6855000000,10,true,17.5030826672,false,,,,,
daily,JPM,2026-08-26,1530,essvi_sg05,15,306,,0.5014000000,76,true,43.7982770055,false,,,,,
daily,JPM,2026-08-27,1530,svi,15,344,,193.8809000000,,true,12.2372333474,false,,,,,
daily,JPM,2026-08-27,1530,ssvi,15,344,,1.0377000000,,true,28.7833102711,false,,,,,
daily,JPM,2026-08-27,1530,essvi,15,344,,0.5939000000,,true,20.0501327797,false,,,,,
daily,JPM,2026-08-27,1530,essvi_g05,15,344,31,3.4522000000,9,true,22.2835235897,true,2.6483000000,7,true,22.2835235831,0.0000001056
daily,JPM,2026-08-27,1530,essvi_gfree,15,344,32,3.6683000000,9,true,18.1797785927,true,2.7435000000,7,true,18.1797784766,0.0000000447
daily,JPM,2026-08-27,1530,essvi_sg05,15,344,,0.4550000000,64,true,35.0027352128,false,,,,,
daily,JPM,2026-08-31,1530,svi,14,277,,192.7292000000,,true,10.4532031878,false,,,,,
daily,JPM,2026-08-31,1530,ssvi,14,277,,0.9612000000,,true,34.2413352342,false,,,,,
daily,JPM,2026-08-31,1530,essvi,14,277,,0.6187000000,,true,15.3456535252,false,,,,,
daily,JPM,2026-08-31,1530,essvi_g05,14,277,29,3.0231000000,8,true,23.2705893708,false,,,,,
daily,JPM,2026-08-31,1530,essvi_gfree,14,277,30,2.8199000000,9,true,16.8297121872,false,,,,,
daily,JPM,2026-08-31,1530,essvi_sg05,14,277,,0.4473000000,74,true,34.5437463695,false,,,,,
daily,JPM,2026-09-01,1530,svi,14,295,,254.7301000000,,true,15.9074015433,false,,,,,
daily,JPM,2026-09-01,1530,ssvi,14,295,,0.7548000000,,true,37.7649803763,false,,,,,
daily,JPM,2026-09-01,1530,essvi,14,295,,0.5409000000,,true,23.9889965099,false,,,,,
daily,JPM,2026-09-01,1530,essvi_g05,14,295,29,2.4269000000,8,true,27.4639257253,true,3.5959000000,12,true,27.4639255594,0.0000000461
daily,JPM,2026-09-01,1530,essvi_gfree,14,295,30,2.5605000000,8,true,23.4528461757,true,4.1103000000,13,true,23.4528459829,0.0000000776
daily,JPM,2026-09-01,1530,essvi_sg05,14,295,,0.4104000000,54,true,35.1870443827,false,,,,,
daily,JPM,2026-09-02,1530,svi,15,318,,189.8723000000,,true,13.1277004326,false,,,,,
daily,JPM,2026-09-02,1530,ssvi,15,318,,1.1056000000,,true,41.3456113682,false,,,,,
daily,JPM,2026-09-02,1530,essvi,15,318,,0.7890000000,,true,21.9687369434,false,,,,,
daily,JPM,2026-09-02,1530,essvi_g05,15,318,31,3.2100000000,9,true,28.0510470402,false,,,,,
daily,JPM,2026-09-02,1530,essvi_gfree,15,318,32,3.7458000000,10,true,22.3432810755,false,,,,,
daily,JPM,2026-09-02,1530,essvi_sg05,15,318,,0.6156000000,83,true,50.6111277979,false,,,,,
daily,JPM,2026-09-03,1530,svi,15,322,,249.4494000000,,true,15.1088506182,false,,,,,
daily,JPM,2026-09-03,1530,ssvi,15,322,,0.9531000000,,true,35.2031777075,false,,,,,
daily,JPM,2026-09-03,1530,essvi,15,322,,0.8388000000,,true,21.9403948770,false,,,,,
daily,JPM,2026-09-03,1530,essvi_g05,15,322,31,3.3687000000,9,true,28.7266413794,true,8.1687000000,22,true,28.7266413991,0.0000001119
daily,JPM,2026-09-03,1530,essvi_gfree,15,322,32,3.5305000000,9,true,23.0489281717,true,6.1306000000,16,true,23.0489282457,0.0000021378
daily,JPM,2026-09-03,1530,essvi_sg05,15,322,,0.7521000000,74,true,42.1017649576,false,,,,,
daily,JPM,2026-09-04,1530,svi,15,311,,202.6766000000,,true,12.1225793307,false,,,,,
daily,JPM,2026-09-04,1530,ssvi,15,311,,0.9412000000,,true,35.6426676900,false,,,,,
daily,JPM,2026-09-04,1530,essvi,15,311,,0.7837000000,,true,21.0214926113,false,,,,,
daily,JPM,2026-09-04,1530,essvi_g05,15,311,31,3.2056000000,9,true,28.6627143106,true,4.5519000000,13,true,28.6627145778,0.0000004732
daily,JPM,2026-09-04,1530,essvi_gfree,15,311,32,3.2097000000,9,true,24.8544201086,true,9.7861000000,27,true,24.8544207951,0.0000009686
daily,JPM,2026-09-04,1530,essvi_sg05,15,311,,0.5327000000,63,true,51.4507519928,false,,,,,
daily,JPM,2026-09-08,1530,svi,15,307,,233.9810000000,,true,14.9336170053,false,,,,,
daily,JPM,2026-09-08,1530,ssvi,15,307,,0.8178000000,,true,43.1782995418,false,,,,,
daily,JPM,2026-09-08,1530,essvi,15,307,,1.3899000000,,true,21.6379137778,false,,,,,
daily,JPM,2026-09-08,1530,essvi_g05,15,307,31,21.2652000000,58,true,29.0665279725,true,10.6150000000,31,true,29.0639494729,0.0032605294
daily,JPM,2026-09-08,1530,essvi_gfree,15,307,32,3.2391000000,9,true,22.8597633137,true,2.4714000000,7,true,22.8597620100,0.0000002214
daily,JPM,2026-09-08,1530,essvi_sg05,15,307,,0.6416000000,66,true,63.1531484611,false,,,,,
daily,JPM,2026-09-09,1530,svi,15,314,,189.0248000000,,true,18.6510526302,false,,,,,
daily,JPM,2026-09-09,1530,ssvi,15,314,,1.1234000000,,true,32.6954683664,false,,,,,
daily,JPM,2026-09-09,1530,essvi,15,314,,0.7235000000,,true,31.1955121894,false,,,,,
daily,JPM,2026-09-09,1530,essvi_g05,15,314,31,3.1668000000,9,true,40.1044262934,true,4.9327000000,9,true,40.0267006510,0.6028876056
daily,JPM,2026-09-09,1530,essvi_gfree,15,314,32,3.3100000000,9,true,25.8366523079,true,2.8909000000,8,true,25.8366488605,0.0000004888
daily,JPM,2026-09-09,1530,essvi_sg05,15,314,,0.5477000000,77,true,68.8899799352,false,,,,,
daily,JPM,2026-09-10,1530,svi,14,296,,205.1362000000,,true,14.7915073249,false,,,,,
daily,JPM,2026-09-10,1530,ssvi,14,296,,0.8928000000,,true,29.3613494594,false,,,,,
daily,JPM,2026-09-10,1530,essvi,14,296,,0.8090000000,,true,20.4696155597,false,,,,,
daily,JPM,2026-09-10,1530,essvi_g05,14,296,29,2.6970000000,9,true,28.1799001384,false,,,,,
daily,JPM,2026-09-10,1530,essvi_gfree,14,296,30,2.5681000000,8,true,22.3036347106,false,,,,,
daily,JPM,2026-09-10,1530,essvi_sg05,14,296,,0.5737000000,69,false,94.3122570988,false,,,,,
daily,JPM,2026-09-11,1530,svi,14,321,,228.0796000000,,true,18.8321380350,false,,,,,
daily,JPM,2026-09-11,1530,ssvi,14,321,,1.0830000000,,true,41.5265533659,false,,,,,
daily,JPM,2026-09-11,1530,essvi,14,321,,0.6786000000,,true,28.3334961487,false,,,,,
daily,JPM,2026-09-11,1530,essvi_g05,14,321,29,8.2765000000,25,true,33.5844623597,true,6.3594000000,20,true,33.5764201876,0.0203769403
daily,JPM,2026-09-11,1530,essvi_gfree,14,321,30,3.0598000000,9,true,27.2468334676,true,1.9421000000,6,true,27.2468334708,0.0000004085
daily,JPM,2026-09-11,1530,essvi_sg05,14,321,,0.5603000000,80,true,108.5161529446,false,,,,,
daily,XOM,2026-08-14,1530,svi,15,222,,194.8129000000,,true,15.6225967003,false,,,,,
daily,XOM,2026-08-14,1530,ssvi,15,222,,1.2286000000,,true,65.3943433458,false,,,,,
daily,XOM,2026-08-14,1530,essvi,15,222,,0.5747000000,,false,23.4309483407,false,,,,,
daily,XOM,2026-08-14,1530,essvi_g05,15,222,31,3.1119000000,11,true,27.0082270125,false,,,,,
daily,XOM,2026-08-14,1530,essvi_gfree,15,222,32,3.2278000000,11,true,26.9848665524,false,,,,,
daily,XOM,2026-08-14,1530,essvi_sg05,15,222,,0.3922000000,57,true,43.4161610030,false,,,,,
daily,XOM,2026-08-17,1530,svi,15,226,,116.5430000000,,true,13.7230333561,false,,,,,
daily,XOM,2026-08-17,1530,ssvi,15,226,,0.9113000000,,true,63.8834438579,false,,,,,
daily,XOM,2026-08-17,1530,essvi,15,226,,0.5629000000,,true,78.0360297720,false,,,,,
daily,XOM,2026-08-17,1530,essvi_g05,15,226,31,2.2940000000,8,true,22.0186459425,true,1.9104000000,7,true,22.0186459424,0.0000000128
daily,XOM,2026-08-17,1530,essvi_gfree,15,226,32,2.6593000000,9,true,21.4631769825,true,2.0641000000,7,true,21.4631739111,0.0000006641
daily,XOM,2026-08-17,1530,essvi_sg05,15,226,,0.3964000000,57,true,30.8122645444,false,,,,,
daily,XOM,2026-08-18,1530,svi,15,233,,171.3716000000,,true,16.6033959852,false,,,,,
daily,XOM,2026-08-18,1530,ssvi,15,233,,1.0443000000,,true,51.0089048590,false,,,,,
daily,XOM,2026-08-18,1530,essvi,15,233,,0.8382000000,,true,20.5268546340,false,,,,,
daily,XOM,2026-08-18,1530,essvi_g05,15,233,31,2.7467000000,9,true,28.8770118336,true,5.4543000000,19,true,28.8770110403,0.0000063699
daily,XOM,2026-08-18,1530,essvi_gfree,15,233,32,2.7158000000,9,true,28.9269400639,true,5.7070000000,19,true,28.9269305135,0.0000058221
daily,XOM,2026-08-18,1530,essvi_sg05,15,233,,0.4204000000,58,true,46.0120473061,false,,,,,
daily,XOM,2026-08-19,1530,svi,15,216,,168.6610000000,,true,17.0765722816,false,,,,,
daily,XOM,2026-08-19,1530,ssvi,15,216,,0.8651000000,,true,56.4087828743,false,,,,,
daily,XOM,2026-08-19,1530,essvi,15,216,,0.7951000000,,true,22.2715901807,false,,,,,
daily,XOM,2026-08-19,1530,essvi_g05,15,216,31,2.6060000000,10,true,34.2389410203,true,3.0763000000,12,true,34.2389400694,0.0000027971
daily,XOM,2026-08-19,1530,essvi_gfree,15,216,32,6.7820000000,24,true,34.8632487550,true,7.4865000000,27,true,34.8637336008,0.0024208295
daily,XOM,2026-08-19,1530,essvi_sg05,15,216,,0.4398000000,63,true,54.0637455985,false,,,,,
daily,XOM,2026-08-20,1530,svi,16,252,,157.3082000000,,true,14.5319536119,false,,,,,
daily,XOM,2026-08-20,1530,ssvi,16,252,,1.0091000000,,true,47.6661199349,false,,,,,
daily,XOM,2026-08-20,1530,essvi,16,252,,1.3964000000,,true,23.3306080000,false,,,,,
daily,XOM,2026-08-20,1530,essvi_g05,16,252,33,6.9581000000,21,true,32.1969356095,false,,,,,
daily,XOM,2026-08-20,1530,essvi_gfree,16,252,34,10.2089000000,27,false,29.3262060237,false,,,,,
daily,XOM,2026-08-20,1530,essvi_sg05,16,252,,0.5303000000,90,false,51.0370181546,false,,,,,
daily,XOM,2026-08-21,1530,svi,16,249,,174.2347000000,,true,14.3780787720,false,,,,,
daily,XOM,2026-08-21,1530,ssvi,16,249,,1.0405000000,,true,49.9066656272,false,,,,,
daily,XOM,2026-08-21,1530,essvi,16,249,,0.6503000000,,false,21.7301374758,false,,,,,
daily,XOM,2026-08-21,1530,essvi_g05,16,249,33,2.8490000000,9,true,26.5309433002,true,6.3193000000,20,true,26.5309433396,0.0000003374
daily,XOM,2026-08-21,1530,essvi_gfree,16,249,34,3.0009000000,9,true,26.3286203902,true,9.0773000000,27,true,26.3286197145,0.0000009665
daily,XOM,2026-08-21,1530,essvi_sg05,16,249,,0.4541000000,74,false,45.8748527716,false,,,,,
daily,XOM,2026-08-24,1538,svi,16,241,,147.0416000000,,true,14.1223177105,false,,,,,
daily,XOM,2026-08-24,1538,ssvi,16,241,,1.3449000000,,true,38.3281684793,false,,,,,
daily,XOM,2026-08-24,1538,essvi,16,241,,0.7705000000,,false,19.0101274247,false,,,,,
daily,XOM,2026-08-24,1538,essvi_g05,16,241,33,2.5619000000,8,true,25.1269836928,true,11.0326000000,34,true,25.1269837905,0.0000000123
daily,XOM,2026-08-24,1538,essvi_gfree,16,241,34,2.6862000000,8,true,20.8464359543,true,10.6148000000,30,true,20.8464359428,0.0000000130
daily,XOM,2026-08-24,1538,essvi_sg05,16,241,,0.3642000000,58,true,39.0664288517,false,,,,,
daily,XOM,2026-08-25,1530,svi,16,243,,134.8819000000,,true,13.0484363217,false,,,,,
daily,XOM,2026-08-25,1530,ssvi,16,243,,0.9732000000,,true,39.3767161516,false,,,,,
daily,XOM,2026-08-25,1530,essvi,16,243,,0.6446000000,,true,19.5025542981,false,,,,,
daily,XOM,2026-08-25,1530,essvi_g05,16,243,33,9.2204000000,28,true,30.1444753737,true,6.5619000000,20,true,30.1280674781,0.0347283027
daily,XOM,2026-08-25,1530,essvi_gfree,16,243,34,8.1556000000,24,true,22.5179954652,true,6.6294000000,17,false,22.6429413067,0.2684109620
daily,XOM,2026-08-25,1530,essvi_sg05,16,243,,0.4641000000,82,false,52.0832041469,false,,,,,
daily,XOM,2026-08-26,1530,svi,14,203,,173.7036000000,,true,19.6155570075,false,,,,,
daily,XOM,2026-08-26,1530,ssvi,14,203,,0.7856000000,,true,37.2296758023,false,,,,,
daily,XOM,2026-08-26,1530,essvi,14,203,,0.8915000000,,true,26.9066085393,false,,,,,
daily,XOM,2026-08-26,1530,essvi_g05,14,203,29,1.7901000000,8,true,36.9586864946,false,,,,,
daily,XOM,2026-08-26,1530,essvi_gfree,14,203,30,1.9176000000,8,true,28.5868138207,false,,,,,
daily,XOM,2026-08-26,1530,essvi_sg05,14,203,,0.3922000000,65,true,103.8374648323,false,,,,,
daily,XOM,2026-08-27,1530,svi,15,236,,129.0684000000,,true,14.7866036273,false,,,,,
daily,XOM,2026-08-27,1530,ssvi,15,236,,0.9461000000,,true,32.7591028245,false,,,,,
daily,XOM,2026-08-27,1530,essvi,15,236,,0.5690000000,,true,20.3309136541,false,,,,,
daily,XOM,2026-08-27,1530,essvi_g05,15,236,31,2.3442000000,8,true,24.2878736296,false,,,,,
daily,XOM,2026-08-27,1530,essvi_gfree,15,236,32,2.4220000000,8,true,20.8496914765,false,,,,,
daily,XOM,2026-08-27,1530,essvi_sg05,15,236,,0.3970000000,54,true,36.2133293225,false,,,,,
daily,XOM,2026-08-31,1530,svi,16,249,,170.9616000000,,true,19.0174416593,false,,,,,
daily,XOM,2026-08-31,1530,ssvi,16,249,,0.9925000000,,true,56.7204198541,false,,,,,
daily,XOM,2026-08-31,1530,essvi,16,249,,1.0383000000,,true,30.0036529856,false,,,,,
daily,XOM,2026-08-31,1530,essvi_g05,16,249,33,2.5713000000,8,true,29.2762518689,false,,,,,
daily,XOM,2026-08-31,1530,essvi_gfree,16,249,34,2.9266000000,9,true,29.4910795852,false,,,,,
daily,XOM,2026-08-31,1530,essvi_sg05,16,249,,0.4730000000,79,false,52.3496229864,false,,,,,
daily,XOM,2026-09-01,1530,svi,16,265,,199.1941000000,,true,15.7003822773,false,,,,,
daily,XOM,2026-09-01,1530,ssvi,16,265,,0.9494000000,,true,42.8192701452,false,,,,,
daily,XOM,2026-09-01,1530,essvi,16,265,,0.7699000000,,false,26.4669721344,false,,,,,
daily,XOM,2026-09-01,1530,essvi_g05,16,265,33,3.5730000000,8,true,24.7191440183,true,8.2288000000,21,true,24.7191440179,0.0000000068
daily,XOM,2026-09-01,1530,essvi_gfree,16,265,34,2.8658000000,8,true,25.1226160230,true,8.0404000000,22,true,25.1226274886,0.0000012265
daily,XOM,2026-09-01,1530,essvi_sg05,16,265,,0.4380000000,60,true,37.7542055273,false,,,,,
daily,XOM,2026-09-02,1530,svi,16,259,,203.9408000000,,true,12.5240867182,false,,,,,
daily,XOM,2026-09-02,1530,ssvi,16,259,,0.9429000000,,true,44.5956199319,false,,,,,
daily,XOM,2026-09-02,1530,essvi,16,259,,0.8526000000,,true,22.0391718708,false,,,,,
daily,XOM,2026-09-02,1530,essvi_g05,16,259,33,2.7916000000,8,true,26.1027642040,true,2.0155000000,6,true,26.1027641495,0.0000000073
daily,XOM,2026-09-02,1530,essvi_gfree,16,259,34,2.9055000000,8,true,26.0409992914,true,2.8538000000,8,true,26.0409914447,0.0000008326
daily,XOM,2026-09-02,1530,essvi_sg05,16,259,,0.5206000000,67,true,47.0212999587,false,,,,,
daily,XOM,2026-09-03,1530,svi,15,236,,157.1589000000,,true,15.7114774778,false,,,,,
daily,XOM,2026-09-03,1530,ssvi,15,236,,0.8581000000,,true,32.7277073555,false,,,,,
daily,XOM,2026-09-03,1530,essvi,15,236,,0.6060000000,,true,24.1068255153,false,,,,,
daily,XOM,2026-09-03,1530,essvi_g05,15,236,31,1.9254000000,7,true,27.8660611322,false,,,,,
daily,XOM,2026-09-03,1530,essvi_gfree,15,236,32,2.3212000000,8,true,22.4796946141,false,,,,,
daily,XOM,2026-09-03,1530,essvi_sg05,15,236,,0.4015000000,65,true,55.9007401215,false,,,,,
daily,XOM,2026-09-04,1530,svi,15,237,,165.5759000000,,true,13.4679569441,false,,,,,
daily,XOM,2026-09-04,1530,ssvi,15,237,,0.9473000000,,true,35.3235232897,false,,,,,
daily,XOM,2026-09-04,1530,essvi,15,237,,1.1210000000,,true,23.6932729351,false,,,,,
daily,XOM,2026-09-04,1530,essvi_g05,15,237,31,6.5768000000,14,true,25.4626810217,true,5.2265000000,17,true,25.4626810195,0.0000000184
daily,XOM,2026-09-04,1530,essvi_gfree,15,237,32,5.3801000000,18,true,21.2613255218,true,6.3400000000,21,true,21.2613255976,0.0000000433
daily,XOM,2026-09-04,1530,essvi_sg05,15,237,,0.4865000000,64,true,46.2601680566,false,,,,,
daily,XOM,2026-09-08,1530,svi,16,241,,112.9368000000,,true,19.9786117354,false,,,,,
daily,XOM,2026-09-08,1530,ssvi,16,241,,0.9032000000,,true,61.2288586216,false,,,,,
daily,XOM,2026-09-08,1530,essvi,16,241,,0.5704000000,,true,30.9482750770,false,,,,,
daily,XOM,2026-09-08,1530,essvi_g05,16,241,33,3.4009000000,11,true,32.0214419650,false,,,,,
daily,XOM,2026-09-08,1530,essvi_gfree,16,241,34,2.9020000000,9,true,32.8101859435,false,,,,,
daily,XOM,2026-09-08,1530,essvi_sg05,16,241,,0.3979000000,59,true,52.4320843198,false,,,,,
daily,XOM,2026-09-09,1530,svi,16,248,,203.2243000000,,true,16.2254878268,false,,,,,
daily,XOM,2026-09-09,1530,ssvi,16,248,,0.9922000000,,true,65.1421754198,false,,,,,
daily,XOM,2026-09-09,1530,essvi,16,248,,0.6087000000,,true,25.0546344591,false,,,,,
daily,XOM,2026-09-09,1530,essvi_g05,16,248,33,4.3471000000,8,true,35.9560284931,true,7.0309000000,13,true,35.9560284891,0.0000000052
daily,XOM,2026-09-09,1530,essvi_gfree,16,248,34,3.4226000000,10,true,34.1306255974,true,4.9528000000,15,true,34.1306225398,0.0000001728
daily,XOM,2026-09-09,1530,essvi_sg05,16,248,,0.4021000000,58,true,66.3113898895,false,,,,,
daily,XOM,2026-09-10,1530,svi,15,236,,191.4270000000,,true,16.3709791445,false,,,,,
daily,XOM,2026-09-10,1530,ssvi,15,236,,0.9324000000,,true,58.7032416224,false,,,,,
daily,XOM,2026-09-10,1530,essvi,15,236,,1.1118000000,,true,26.7180615732,false,,,,,
daily,XOM,2026-09-10,1530,essvi_g05,15,236,31,9.5913000000,34,true,33.1189058974,false,,,,,
daily,XOM,2026-09-10,1530,essvi_gfree,15,236,32,6.9816000000,23,true,33.1773216328,false,,,,,
daily,XOM,2026-09-10,1530,essvi_sg05,15,236,,0.6498000000,67,false,51.1232942031,false,,,,,
daily,XOM,2026-09-11,1530,svi,15,232,,188.8164000000,,true,13.0403603348,false,,,,,
daily,XOM,2026-09-11,1530,ssvi,15,232,,0.9297000000,,true,49.3063614703,false,,,,,
daily,XOM,2026-09-11,1530,essvi,15,232,,0.7602000000,,true,22.5046249446,false,,,,,
daily,XOM,2026-09-11,1530,essvi_g05,15,232,31,3.6917000000,13,true,30.5094447262,true,5.0614000000,18,true,30.5095269107,32.0799113794
daily,XOM,2026-09-11,1530,essvi_gfree,15,232,32,3.8008000000,13,true,28.7921758238,true,4.5176000000,13,false,28.7922381846,53383.6120345076
daily,XOM,2026-09-11,1530,essvi_sg05,15,232,,0.4374000000,59,true,75.1261296629,false,,,,,
